,toc,len
0,187,194
1,168,180
2,179,174
3,178,167
4,177,158
5,186,178
6,164,178
7,200,190
8,158,162
9,172,166
10,123,124
11,60,60
12,155,134
13,196,189
14,183,189
15,185,193
16,176,191
17,113,101
18,183,172
19,180,174
20,137,146
21,96,96
22,177,170
23,189,183
24,61,56
25,154,160
26,176,183
27,202,186
28,193,192
29,160,185
30,161,185
31,169,193
32,171,195
33,174,194
34,176,185
35,187,196
36,198,195
37,191,189
38,184,183
39,182,185
40,189,195
41,185,191
42,187,188
43,170,178
44,186,190
45,135,133
46,15,15
47,177,166
48,76,92
49,181,173
50,184,192
51,188,192
52,134,141
53,174,185
54,163,175
55,119,128
56,46,44
57,207,195
58,158,158
59,170,174
60,184,177
61,183,179
62,181,184
63,175,175
64,163,165
65,168,173
66,144,134
67,200,193
68,127,136
69,165,163
70,187,184
71,190,184
72,178,186
73,165,168
74,186,181
75,193,189
76,177,178
77,180,186
78,165,180
79,177,194
80,127,115
81,198,197
82,158,146
83,179,169
84,173,169
85,94,98
86,167,191
87,157,161
88,158,154
89,214,196
90,183,186
91,131,144
92,108,103
93,118,106
94,115,112
95,59,62
96,128,135
97,142,150
98,159,179
99,164,176
100,160,180
101,162,178
102,172,185
103,103,106
104,147,149
105,109,130
106,116,129
107,203,192
108,192,190
109,15,16
110,129,151
111,146,156
112,164,177
113,150,166
114,83,95
115,196,181
116,203,181
117,205,185
118,203,183
119,196,182
120,171,167
121,152,161
122,174,170
123,190,191
124,191,194
125,173,181
126,170,181
127,186,192
128,168,173
129,174,186
130,167,176
131,186,194
132,167,174
133,175,178
134,176,179
135,185,188
136,182,188
137,181,196
138,169,183
139,180,194
140,193,194
141,173,174
142,22,17
143,207,195
144,171,187
145,116,162
146,198,169
147,164,189
148,150,171
149,2,2
150,141,151
151,173,180
152,148,177
153,135,174
154,203,191
155,173,173
156,131,153
157,180,175
158,180,177
159,166,190
160,120,145
161,28,27
162,180,180
163,186,182
164,162,166
165,128,132
166,139,197
167,146,165
168,74,96
169,178,183
170,106,100
171,199,183
172,89,92
173,169,162
174,165,155
175,209,192
176,211,189
177,178,160
178,165,165
179,212,182
180,190,180
181,167,166
182,175,182
183,187,183
184,190,173
185,194,189
186,172,175
187,166,167
188,143,158
189,165,180
190,179,187
191,116,178
192,118,185
193,119,187
194,122,185
195,122,187
196,123,189
197,127,190
198,125,189
199,125,189
200,127,189
201,83,67
202,177,172
203,170,155
204,206,196
205,138,138
206,192,179
207,197,185
208,177,171
209,168,160
210,220,183
211,114,112
212,156,155
213,188,188
214,155,155
215,136,136
216,184,182
217,89,112
218,131,126
219,191,177
220,172,164
221,137,127
222,91,102
223,148,151
224,187,189
225,212,189
226,193,177
227,199,194
228,140,134
229,190,177
230,186,177
231,181,184
232,190,190
233,191,189
234,193,192
235,179,182
236,117,108
237,187,179
238,206,194
239,206,194
240,192,194
241,56,51
242,212,196
243,214,196
244,109,116
245,220,195
246,209,195
247,200,174
248,206,188
249,156,169
250,172,167
251,79,77
252,151,128
253,214,186
254,107,100
255,184,179
256,170,173
257,143,163
258,208,198
259,182,175
260,186,171
261,148,171
262,179,189
263,198,182
264,37,27
265,200,192
266,143,152
267,134,158
268,180,189
269,161,177
270,119,112
271,166,177
272,95,140
273,63,54
274,201,172
275,195,179
276,187,178
277,189,187
278,194,190
279,190,185
280,207,181
281,206,183
282,203,184
283,202,185
284,144,141
285,176,182
286,187,192
287,156,163
288,174,185
289,185,193
290,172,170
291,159,156
292,189,182
293,197,190
294,178,167
295,197,179
296,173,156
297,149,166
298,140,161
299,156,182
300,147,177
301,126,155
302,134,163
303,136,166
304,139,169
305,142,173
306,141,172
307,139,168
308,131,160
309,127,159
310,125,158
311,219,191
312,173,158
313,177,177
314,173,189
315,149,161
316,156,172
317,141,142
318,152,156
319,193,160
320,222,191
321,217,186
322,180,154
323,146,176
324,148,182
325,142,173
326,190,192
327,133,145
328,121,137
329,158,165
330,101,89
331,214,190
332,200,175
333,206,187
334,209,186
335,203,184
336,195,178
337,198,178
338,208,185
339,221,191
340,202,180
341,215,193
342,208,186
343,127,118
344,4,2
345,113,120
346,155,169
347,167,164
348,182,181
349,185,171
350,192,176
351,197,180
352,196,182
353,177,181
354,25,25
355,82,79
356,155,177
357,121,155
358,148,183
359,178,185
360,186,193
361,191,192
362,125,124
363,194,190
364,194,187
365,206,195
366,197,193
367,169,172
368,141,136
369,209,195
370,149,133
371,205,188
372,105,105
373,153,161
374,84,104
375,169,193
376,179,189
377,159,160
378,178,170
379,195,195
380,121,126
381,15,16
382,140,144
383,183,185
384,2,2
385,176,176
386,198,188
387,175,188
388,126,136
389,146,157
390,171,160
391,200,189
392,198,191
393,170,181
394,168,175
395,179,184
396,177,186
397,177,184
398,176,187
399,165,166
400,155,157
401,167,149
402,189,184
403,171,172
404,187,185
405,163,163
406,89,113
407,187,183
408,174,172
409,174,166
410,192,188
411,53,51
412,194,188
413,59,80
414,200,198
415,150,168
416,173,183
417,141,169
418,210,199
419,203,197
420,188,187
421,134,154
422,172,192
423,162,176
424,174,162
425,200,189
426,188,167
427,180,170
428,186,186
429,36,35
430,13,10
431,182,182
432,182,182
433,187,185
434,189,182
435,191,184
436,194,186
437,189,183
438,197,187
439,194,184
440,192,186
441,191,184
442,16,10
443,181,179
444,184,179
445,193,184
446,195,182
447,10,8
448,166,180
449,172,185
450,155,166
451,124,116
452,157,156
453,189,189
454,156,156
455,136,136
456,184,182
457,89,112
458,172,167
459,191,187
460,194,190
461,143,130
462,168,171
463,174,177
464,192,196
465,206,192
466,202,190
467,157,152
468,168,191
469,140,170
470,193,180
471,215,188
472,195,170
473,196,170
474,193,178
475,138,154
476,179,170
477,199,190
478,193,178
479,153,148
480,161,167
481,152,166
482,151,180
483,153,186
484,145,166
485,155,158
486,151,133
487,168,181
488,142,169
489,181,176
490,182,175
491,195,191
492,151,146
493,187,189
494,169,174
495,180,186
496,185,188
497,164,162
498,81,89
499,185,171
500,160,153
501,125,127
502,203,189
503,208,194
504,147,138
505,196,186
506,195,194
507,178,188
508,131,124
509,109,107
510,196,195
511,171,176
512,179,186
513,187,181
514,201,191
515,186,167
516,200,185
517,174,166
518,120,112
519,204,195
520,183,182
521,176,178
522,201,198
523,149,144
524,181,166
525,58,80
526,226,198
527,153,153
528,192,192
529,184,182
530,178,181
531,58,80
532,177,186
533,179,194
534,173,183
535,144,145
536,199,197
537,161,172
538,160,186
539,204,195
540,202,195
541,166,157
542,144,149
543,159,172
544,148,162
545,159,187
546,199,180
547,187,188
548,172,177
549,173,184
550,171,169
551,196,192
552,155,162
553,164,161
554,194,194
555,165,167
556,183,185
557,179,175
558,202,195
559,152,163
560,90,84
561,200,186
562,132,152
563,158,152
564,193,184
565,197,196
566,127,130
567,174,178
568,172,175
569,170,184
570,180,179
571,155,157
572,188,195
573,188,195
574,182,189
575,128,122
576,21,18
577,25,21
578,165,189
579,173,195
580,175,196
581,172,194
582,172,194
583,173,195
584,169,193
585,169,194
586,169,195
587,168,196
588,153,164
589,170,174
590,145,149
591,153,170
592,178,176
593,187,188
594,183,188
595,185,187
596,184,192
597,166,178
598,171,177
599,78,79
600,161,164
601,112,124
602,174,171
603,79,83
604,16,17
605,198,192
606,163,162
607,157,154
608,160,156
609,166,169
610,158,175
611,153,165
612,150,140
613,154,143
614,212,174
615,221,191
616,173,174
617,172,183
618,148,162
619,155,167
620,168,182
621,185,169
622,89,125
623,133,135
624,178,183
625,170,176
626,86,86
627,103,112
628,80,98
629,110,134
630,98,85
631,165,155
632,126,146
633,149,180
634,153,185
635,48,38
636,157,182
637,190,195
638,186,190
639,137,150
640,117,110
641,203,196
642,204,196
643,184,173
644,185,180
645,193,187
646,82,78
647,195,195
648,195,195
649,191,195
650,148,151
651,184,195
652,188,196
653,175,185
654,158,163
655,182,193
656,149,161
657,161,184
658,161,187
659,154,185
660,154,183
661,155,186
662,147,175
663,155,173
664,184,183
665,170,178
666,105,122
667,76,75
668,189,192
669,156,160
670,180,187
671,150,157
672,138,144
673,180,191
674,145,147
675,187,173
676,149,138
677,108,134
678,160,173
679,104,111
680,77,85
681,175,192
682,172,191
683,10,10
684,176,186
685,184,192
686,179,190
687,178,190
688,181,192
689,181,191
690,179,190
691,10,10
692,182,190
693,184,192
694,183,191
695,176,181
696,163,184
697,145,150
698,123,130
699,193,190
700,190,189
701,154,169
702,149,161
703,167,191
704,183,166
705,62,58
706,5,5
707,178,191
708,184,195
709,182,194
710,183,194
711,182,194
712,179,193
713,177,191
714,182,194
715,184,194
716,184,193
717,185,192
718,187,194
719,188,193
720,186,194
721,187,195
722,190,195
723,188,195
724,189,195
725,191,192
726,194,195
727,194,195
728,192,193
729,193,194
730,193,194
731,189,195
732,191,195
733,189,195
734,185,193
735,189,194
736,190,194
737,191,193
738,193,193
739,189,192
740,194,194
741,193,193
742,193,194
743,198,194
744,200,194
745,198,192
746,196,192
747,198,193
748,196,193
749,194,192
750,197,194
751,194,193
752,193,194
753,189,194
754,186,192
755,184,191
756,187,192
757,191,193
758,190,193
759,190,192
760,195,193
761,197,192
762,199,192
763,200,193
764,203,193
765,203,193
766,203,193
767,202,193
768,203,194
769,204,195
770,198,193
771,202,193
772,205,195
773,208,196
774,211,195
775,207,192
776,212,194
777,213,196
778,209,192
779,211,194
780,212,196
781,215,196
782,207,191
783,49,64
784,144,169
785,2,2
786,174,192
787,164,192
788,162,188
789,173,196
790,145,173
791,129,149
792,175,193
793,153,172
794,164,186
795,163,184
796,166,192
797,151,187
798,152,189
799,156,193
800,157,189
801,160,192
802,145,136
803,188,191
804,154,161
805,115,116
806,185,186
807,148,146
808,160,162
809,172,179
810,155,170
811,124,125
812,175,177
813,185,185
814,211,186
815,205,193
816,183,190
817,166,170
818,152,161
819,72,69
820,174,147
821,185,159
822,126,104
823,178,170
824,155,161
825,154,153
826,186,193
827,167,179
828,152,181
829,156,179
830,142,154
831,187,197
832,174,188
833,173,184
834,144,165
835,161,185
836,136,150
837,173,182
838,116,116
839,97,112
840,160,184
841,155,170
842,173,182
843,129,132
844,156,159
845,192,189
846,210,190
847,198,178
848,118,112
849,170,177
850,184,187
851,185,191
852,138,149
853,168,171
854,49,47
855,152,163
856,149,169
857,136,146
858,191,171
859,207,184
860,187,171
861,172,152
862,212,192
863,141,138
864,113,124
865,87,91
866,127,123
867,82,78
868,85,76
869,179,171
870,110,109
871,131,136
872,183,171
873,127,138
874,152,163
875,107,112
876,195,192
877,193,190
878,190,189
879,104,104
880,113,119
881,110,113
882,186,196
883,114,122
884,130,128
885,99,104
886,123,133
887,192,191
888,187,168
889,210,192
890,205,189
891,178,177
892,189,187
893,86,139
894,30,29
895,151,173
896,125,132
897,72,75
898,127,126
899,193,163
900,217,189
901,222,185
902,230,180
903,239,185
904,174,137
905,172,168
906,200,188
907,182,181
908,160,171
909,161,172
910,144,136
911,200,188
912,150,130
913,193,177
914,104,107
915,107,113
916,165,160
917,173,165
918,143,156
919,131,148
920,161,176
921,170,176
922,134,157
923,96,88
924,196,187
925,188,183
926,175,171
927,186,193
928,158,171
929,142,139
930,185,190
931,147,143
932,185,197
933,183,178
934,195,194
935,163,170
936,188,196
937,169,165
938,159,158
939,154,150
940,191,195
941,189,183
942,182,185
943,149,161
944,66,60
945,83,75
946,132,138
947,142,129
948,205,197
949,77,82
950,154,141
951,166,177
952,204,197
953,207,199
954,207,199
955,204,198
956,207,199
957,206,199
958,197,193
959,201,196
960,194,195
961,198,196
962,199,197
963,201,198
964,197,195
965,196,197
966,195,196
967,194,197
968,193,196
969,193,197
970,193,197
971,195,197
972,194,196
973,112,120
974,197,196
975,197,197
976,193,195
977,193,195
978,194,195
979,191,194
980,191,196
981,191,193
982,193,195
983,191,194
984,193,196
985,194,194
986,195,194
987,198,196
988,196,195
989,199,195
990,200,195
991,199,194
992,189,196
993,98,100
994,214,196
995,216,199
996,215,197
997,0,0
998,152,158
999,92,111
1000,173,168
1001,199,187
1002,189,184
1003,170,171
1004,136,119
1005,140,148
1006,175,182
1007,158,145
1008,196,192
1009,152,165
1010,176,178
1011,173,184
1012,175,190
1013,159,174
1014,202,199
1015,197,197
1016,197,198
1017,196,196
1018,194,196
1019,192,196
1020,190,197
1021,188,195
1022,188,198
1023,188,198
1024,185,199
1025,186,199
1026,187,198
1027,187,196
1028,188,198
1029,187,195
1030,187,196
1031,191,196
1032,192,198
1033,189,197
1034,191,199
1035,189,195
1036,103,101
1037,150,155
1038,57,48
1039,191,191
1040,89,143
1041,128,129
1042,163,175
1043,200,196
1044,195,190
1045,135,134
1046,132,127
1047,205,195
1048,205,195
1049,193,183
1050,98,93
1051,144,137
1052,116,100
1053,128,188
1054,67,57
1055,181,152
1056,157,148
1057,103,92
1058,184,194
1059,174,186
1060,178,188
1061,122,133
1062,173,173
1063,187,187
1064,123,134
1065,77,149
1066,96,81
1067,150,158
1068,120,104
1069,150,133
1070,222,190
1071,218,187
1072,208,183
1073,130,135
1074,188,186
1075,151,156
1076,180,165
1077,129,136
1078,156,151
1079,85,98
1080,150,155
1081,191,194
1082,140,178
1083,163,193
1084,162,193
1085,162,193
1086,165,194
1087,156,189
1088,158,196
1089,159,196
1090,161,196
1091,159,196
1092,159,196
1093,158,194
1094,158,194
1095,159,196
1096,158,194
1097,157,192
1098,161,197
1099,156,187
1100,159,197
1101,159,197
1102,158,195
1103,158,195
1104,159,197
1105,147,190
1106,149,197
1107,151,195
1108,150,194
1109,147,194
1110,154,197
1111,153,195
1112,150,195
1113,157,197
1114,151,193
1115,151,193
1116,155,196
1117,148,193
1118,145,193
1119,154,196
1120,154,196
1121,149,189
1122,149,191
1123,153,193
1124,153,193
1125,152,191
1126,153,193
1127,155,196
1128,155,196
1129,154,194
1130,154,194
1131,155,196
1132,156,193
1133,155,191
1134,159,196
1135,153,186
1136,160,197
1137,160,197
1138,159,195
1139,159,195
1140,160,197
1141,158,195
1142,158,195
1143,157,193
1144,157,195
1145,156,196
1146,156,196
1147,151,189
1148,151,191
1149,155,196
1150,155,196
1151,150,189
1152,152,191
1153,155,194
1154,155,194
1155,151,189
1156,156,196
1157,156,196
1158,151,189
1159,152,191
1160,157,197
1161,157,197
1162,156,195
1163,156,195
1164,158,197
1165,161,193
1166,157,191
1167,154,191
1168,160,193
1169,160,193
1170,155,188
1171,168,197
1172,168,197
1173,163,190
1174,164,192
1175,167,196
1176,167,196
1177,162,189
1178,162,191
1179,164,193
1180,161,193
1181,167,197
1182,152,190
1183,161,193
1184,164,193
1185,152,188
1186,161,195
1187,160,193
1188,159,188
1189,145,185
1190,160,197
1191,159,195
1192,158,190
1193,150,191
1194,158,193
1195,160,193
1196,157,196
1197,166,196
1198,163,192
1199,160,192
1200,163,192
1201,160,192
1202,167,192
1203,162,190
1204,164,190
1205,172,193
1206,169,193
1207,182,193
1208,173,189
1209,180,196
1210,185,193
1211,187,193
1212,190,194
1213,192,194
1214,199,197
1215,199,197
1216,194,190
1217,195,192
1218,200,195
1219,200,195
1220,199,193
1221,199,195
1222,195,195
1223,161,173
1224,187,190
1225,212,192
1226,219,185
1227,197,181
1228,155,154
1229,139,123
1230,138,131
1231,204,195
1232,167,169
1233,132,122
1234,78,70
1235,200,195
1236,190,187
1237,178,181
1238,190,194
1239,175,179
1240,189,192
1241,177,151
1242,16,13
1243,36,29
1244,205,192
1245,206,194
1246,195,187
1247,193,186
1248,199,195
1249,203,198
1250,203,198
1251,197,195
1252,192,196
1253,189,195
1254,189,196
1255,187,196
1256,8,9
1257,170,186
1258,160,183
1259,166,192
1260,159,186
1261,167,190
1262,150,167
1263,128,114
1264,199,195
1265,198,196
1266,189,188
1267,194,197
1268,134,128
1269,125,129
1270,146,145
1271,177,161
1272,212,194
1273,188,185
1274,106,85
1275,120,105
1276,217,189
1277,220,196
1278,86,81
1279,122,99
1280,153,162
1281,157,167
1282,167,153
1283,201,182
1284,142,134
1285,32,27
1286,152,138
1287,203,185
1288,156,144
1289,191,190
1290,174,177
1291,184,186
1292,192,196
1293,176,175
1294,126,116
1295,48,44
1296,218,193
1297,84,66
1298,159,164
1299,161,174
1300,169,189
1301,11,6
1302,189,190
1303,191,171
1304,103,117
1305,179,181
1306,179,191
1307,158,133
1308,165,150
1309,186,183
1310,178,163
1311,213,192
1312,188,177
1313,162,154
1314,152,154
1315,167,169
1316,172,175
1317,29,29
1318,99,88
1319,5,4
1320,180,189
1321,188,195
1322,189,194
1323,188,194
1324,189,193
1325,187,192
1326,189,195
1327,188,195
1328,188,193
1329,190,194
1330,186,191
1331,191,194
1332,192,195
1333,194,194
1334,23,24
1335,92,89
1336,189,183
1337,184,184
1338,133,137
1339,186,179
1340,169,151
1341,158,148
1342,142,138
1343,149,138
1344,158,185
1345,164,192
1346,162,189
1347,160,190
1348,143,176
1349,65,59
1350,193,180
1351,201,188
1352,197,185
1353,174,175
1354,46,43
1355,110,119
1356,178,188
1357,61,59
1358,209,191
1359,22,21
1360,180,192
1361,171,185
1362,137,150
1363,177,195
1364,168,184
1365,182,194
1366,183,196
1367,156,162
1368,2,2
1369,188,188
1370,56,45
1371,192,191
1372,135,135
1373,162,150
1374,175,167
1375,145,192
1376,140,190
1377,147,194
1378,138,183
1379,146,192
1380,144,193
1381,145,188
1382,147,187
1383,153,195
1384,153,195
1385,148,190
1386,145,191
1387,61,59
1388,213,188
1389,153,138
1390,185,172
1391,189,172
1392,139,127
1393,122,125
1394,185,166
1395,198,166
1396,159,157
1397,177,175
1398,195,192
1399,159,146
1400,162,167
1401,186,189
1402,168,173
1403,126,135
1404,17,17
1405,180,192
1406,171,185
1407,137,150
1408,177,195
1409,168,184
1410,182,194
1411,183,196
1412,156,162
1413,2,2
1414,167,170
1415,183,187
1416,146,157
1417,173,143
1418,204,181
1419,197,196
1420,106,108
1421,179,186
1422,121,112
1423,170,178
1424,72,69
1425,149,156
1426,143,178
1427,170,192
1428,189,182
1429,134,139
1430,53,50
1431,161,181
1432,156,182
1433,159,186
1434,159,183
1435,61,59
1436,145,127
1437,208,189
1438,169,154
1439,173,190
1440,152,173
1441,105,101
1442,144,174
1443,146,181
1444,156,193
1445,111,112
1446,180,173
1447,180,167
1448,5,4
1449,189,190
1450,193,194
1451,188,192
1452,188,193
1453,188,192
1454,188,193
1455,183,190
1456,182,190
1457,182,193
1458,185,193
1459,187,193
1460,191,195
1461,158,165
1462,128,126
1463,120,120
1464,189,195
1465,166,194
1466,61,59
1467,144,136
1468,212,194
1469,164,162
1470,188,190
1471,160,177
1472,169,163
1473,188,189
1474,182,185
1475,151,162
1476,156,165
1477,149,156
1478,143,178
1479,170,192
1480,182,185
1481,170,167
1482,81,80
1483,186,183
1484,200,193
1485,117,127
1486,192,187
1487,177,174
1488,172,169
1489,184,184
1490,6,6
1491,154,154
1492,129,123
1493,140,145
1494,9,6
1495,82,76
1496,142,158
1497,130,141
1498,180,174
1499,155,155
1500,177,183
1501,185,192
1502,177,190
1503,195,197
1504,98,90
1505,182,190
1506,176,176
1507,173,180
1508,158,168
1509,142,153
1510,166,180
1511,160,172
1512,225,188
1513,213,182
1514,216,185
1515,50,48
1516,73,71
1517,186,178
1518,181,178
1519,182,178
1520,179,176
1521,173,169
1522,203,186
1523,193,174
1524,189,168
1525,111,144
1526,154,172
1527,142,160
1528,235,193
1529,172,197
1530,158,188
1531,156,184
1532,161,190
1533,156,180
1534,156,187
1535,164,194
1536,160,193
1537,204,179
1538,218,191
1539,184,150
1540,212,173
1541,228,195
1542,213,183
1543,220,191
1544,194,174
1545,209,197
1546,193,185
1547,192,188
1548,137,140
1549,181,190
1550,182,187
1551,181,186
1552,159,163
1553,179,185
1554,161,167
1555,135,139
1556,88,75
1557,145,151
1558,157,165
1559,183,189
1560,150,162
1561,159,171
1562,149,161
1563,165,168
1564,182,196
1565,100,103
1566,137,153
1567,137,145
1568,159,168
1569,106,116
1570,17,16
1571,191,179
1572,128,126
1573,62,60
1574,182,190
1575,179,187
1576,154,168
1577,162,184
1578,168,168
1579,225,187
1580,223,189
1581,207,197
1582,169,164
1583,38,37
1584,8,6
1585,223,193
1586,224,196
1587,39,35
1588,2,2
1589,145,158
1590,118,111
1591,205,185
1592,198,184
1593,140,147
1594,160,151
1595,155,161
1596,180,186
1597,189,191
1598,67,53
1599,178,176
1600,189,189
1601,189,177
1602,99,111
1603,193,195
1604,195,198
1605,194,198
1606,189,196
1607,112,91
1608,172,189
1609,178,198
1610,174,194
1611,175,192
1612,172,193
1613,170,193
1614,171,191
1615,172,193
1616,150,184
1617,138,129
1618,163,160
1619,138,188
1620,175,184
1621,142,136
1622,96,104
1623,111,105
1624,78,78
1625,210,196
1626,184,183
1627,136,143
1628,108,95
1629,184,178
1630,160,150
1631,168,158
1632,158,155
1633,134,141
1634,150,167
1635,132,147
1636,197,191
1637,205,196
1638,203,197
1639,202,197
1640,228,199
1641,203,180
1642,210,192
1643,155,143
1644,185,183
1645,193,193
1646,162,182
1647,145,169
1648,175,160
1649,212,182
1650,173,183
1651,154,176
1652,139,157
1653,180,192
1654,135,123
1655,67,53
1656,178,176
1657,189,189
1658,84,80
1659,145,135
1660,147,138
1661,147,142
1662,170,165
1663,36,38
1664,39,35
1665,142,132
1666,116,123
1667,123,109
1668,122,117
1669,134,127
1670,203,194
1671,175,189
1672,182,172
1673,210,177
1674,214,188
1675,215,190
1676,185,163
1677,162,158
1678,191,183
1679,200,191
1680,201,194
1681,191,188
1682,178,177
1683,182,193
1684,166,161
1685,206,190
1686,181,187
1687,170,187
1688,118,148
1689,201,198
1690,203,199
1691,203,199
1692,169,192
1693,188,184
1694,81,65
1695,179,171
1696,195,191
1697,186,195
1698,215,194
1699,179,157
1700,125,126
1701,203,172
1702,154,159
1703,183,188
1704,178,175
1705,178,182
1706,151,177
1707,134,164
1708,183,188
1709,180,185
1710,144,152
1711,104,111
1712,15,17
1713,162,162
1714,163,171
1715,161,169
1716,180,193
1717,176,179
1718,150,152
1719,174,189
1720,172,176
1721,119,114
1722,191,182
1723,140,144
1724,138,141
1725,146,162
1726,132,147
1727,148,142
1728,134,177
1729,124,160
1730,159,172
1731,240,191
1732,19,15
1733,106,102
1734,140,136
1735,55,50
1736,129,135
1737,109,117
1738,150,161
1739,153,163
1740,139,127
1741,116,117
1742,186,193
1743,150,156
1744,171,183
1745,195,182
1746,206,196
1747,197,191
1748,207,194
1749,150,142
1750,155,157
1751,190,194
1752,182,178
1753,200,194
1754,79,77
1755,157,165
1756,188,194
1757,161,195
1758,160,195
1759,158,195
1760,154,190
1761,165,190
1762,172,194
1763,170,194
1764,166,191
1765,166,191
1766,159,180
1767,186,191
1768,168,174
1769,190,172
1770,200,191
1771,186,181
1772,189,183
1773,186,184
1774,187,186
1775,198,192
1776,198,192
1777,189,187
1778,171,168
1779,106,98
1780,129,127
1781,124,116
1782,69,76
1783,129,138
1784,156,188
1785,166,185
1786,169,187
1787,106,145
1788,109,148
1789,134,123
1790,164,147
1791,150,139
1792,172,177
1793,178,191
1794,139,142
1795,145,153
1796,170,182
1797,189,195
1798,189,195
1799,161,167
1800,174,187
1801,178,188
1802,177,185
1803,161,168
1804,174,180
1805,169,175
1806,187,193
1807,172,188
1808,162,183
1809,177,182
1810,175,193
1811,175,181
1812,164,166
1813,152,159
1814,167,191
1815,145,175
1816,115,140
1817,178,169
1818,208,196
1819,159,153
1820,145,153
1821,149,162
1822,171,188
1823,164,183
1824,59,62
1825,166,190
1826,168,188
1827,166,189
1828,72,64
1829,100,94
1830,203,198
1831,187,191
1832,192,195
1833,155,169
1834,178,191
1835,182,188
1836,169,166
1837,185,168
1838,163,154
1839,160,152
1840,183,186
1841,50,44
1842,193,193
1843,189,192
1844,171,183
1845,177,184
1846,187,188
1847,187,188
1848,178,187
1849,176,182
1850,171,165
1851,191,193
1852,190,193
1853,190,193
1854,184,189
1855,182,183
1856,195,193
1857,175,179
1858,183,191
1859,182,192
1860,182,192
1861,170,182
1862,179,191
1863,178,192
1864,163,186
1865,168,189
1866,158,176
1867,164,174
1868,180,184
1869,180,187
1870,183,187
1871,177,186
1872,164,174
1873,150,151
1874,177,187
1875,150,164
1876,134,151
1877,189,162
1878,95,84
1879,153,141
1880,170,175
1881,100,107
1882,124,120
1883,63,67
1884,184,189
1885,188,190
1886,181,187
1887,182,187
1888,180,187
1889,178,184
1890,180,187
1891,177,185
1892,181,187
1893,177,187
1894,170,182
1895,82,74
1896,5,4
1897,166,191
1898,168,195
1899,170,199
1900,168,197
1901,168,196
1902,167,198
1903,156,195
1904,73,72
1905,190,170
1906,201,186
1907,170,177
1908,162,171
1909,201,193
1910,209,195
1911,186,176
1912,192,193
1913,168,178
1914,96,105
1915,181,188
1916,87,95
1917,148,147
1918,187,186
1919,187,189
1920,180,177
1921,73,72
1922,149,162
1923,195,193
1924,132,140
1925,109,139
1926,156,176
1927,119,113
1928,191,197
1929,144,157
1930,186,196
1931,167,190
1932,165,189
1933,42,38
1934,161,161
1935,194,194
1936,181,186
1937,105,113
1938,157,168
1939,189,196
1940,124,135
1941,168,178
1942,165,169
1943,185,190
1944,185,193
1945,167,175
1946,166,178
1947,187,191
1948,170,174
1949,189,195
1950,147,157
1951,83,80
1952,127,197
1953,122,192
1954,120,190
1955,117,186
1956,117,186
1957,117,185
1958,117,185
1959,117,185
1960,118,183
1961,127,197
1962,122,192
1963,121,189
1964,120,188
1965,118,190
1966,118,190
1967,118,190
1968,118,190
1969,119,188
1970,127,194
1971,122,189
1972,123,192
1973,120,188
1974,120,188
1975,120,188
1976,123,193
1977,120,189
1978,121,187
1979,127,197
1980,122,191
1981,124,194
1982,123,193
1983,120,192
1984,117,191
1985,115,192
1986,111,186
1987,109,187
1988,155,168
1989,160,169
1990,183,194
1991,105,109
1992,190,175
1993,209,189
1994,175,160
1995,160,163
1996,171,182
1997,188,188
1998,162,170
1999,169,173
2000,174,158
2001,146,139
2002,155,151
2003,133,129
2004,181,180
2005,138,186
2006,139,187
2007,136,184
2008,140,185
2009,140,183
2010,143,185
2011,142,184
2012,149,188
2013,149,188
2014,152,186
2015,152,186
2016,143,171
2017,159,180
2018,160,171
2019,177,188
2020,133,135
2021,128,142
2022,180,171
2023,101,120
2024,172,178
2025,159,167
2026,136,152
2027,136,159
2028,144,171
2029,167,170
2030,124,125
2031,149,147
2032,60,60
2033,178,181
2034,183,190
2035,188,196
2036,188,193
2037,192,194
2038,192,195
2039,180,185
2040,176,183
2041,177,182
2042,191,193
2043,167,174
2044,185,192
2045,180,188
2046,173,185
2047,178,190
2048,187,191
2049,166,175
2050,109,101
2051,92,129
2052,117,120
2053,142,172
2054,144,183
2055,182,182
2056,143,163
2057,170,191
2058,170,192
2059,149,166
2060,179,186
2061,80,90
2062,151,138
2063,226,195
2064,201,175
2065,138,123
2066,201,184
2067,210,195
2068,174,166
2069,191,173
2070,178,149
2071,182,168
2072,196,196
2073,170,159
2074,112,118
2075,189,192
2076,204,192
2077,170,182
2078,183,180
2079,162,159
2080,149,147
2081,156,163
2082,165,173
2083,173,174
2084,128,123
2085,196,193
2086,151,151
2087,192,193
2088,169,166
2089,160,166
2090,169,176
2091,172,166
2092,200,198
2093,181,175
2094,118,121
2095,154,151
2096,192,192
2097,176,174
2098,169,168
2099,211,195
2100,180,173
2101,165,151
2102,198,185
2103,151,151
2104,203,194
2105,183,170
2106,180,161
2107,189,173
2108,59,59
2109,164,156
2110,204,180
2111,185,174
2112,142,139
2113,183,186
2114,110,93
2115,163,155
2116,190,191
2117,167,167
2118,195,188
2119,183,164
2120,180,175
2121,170,190
2122,172,192
2123,149,174
2124,161,181
2125,102,93
2126,194,183
2127,156,148
2128,206,189
2129,206,172
2130,209,176
2131,198,190
2132,128,106
2133,125,107
2134,185,156
2135,188,162
2136,172,151
2137,180,155
2138,155,139
2139,12,11
2140,138,137
2141,164,162
2142,2,2
2143,121,115
2144,141,160
2145,169,182
2146,150,140
2147,203,193
2148,215,192
2149,215,194
2150,220,197
2151,222,196
2152,228,197
2153,222,195
2154,223,197
2155,221,196
2156,220,197
2157,4,2
2158,57,70
2159,144,157
2160,172,149
2161,162,154
2162,191,180
2163,33,41
2164,92,103
2165,185,195
2166,187,197
2167,185,198
2168,186,198
2169,184,197
2170,175,196
2171,176,198
2172,178,198
2173,178,198
2174,178,197
2175,178,196
2176,180,198
2177,181,198
2178,183,199
2179,176,198
2180,172,197
2181,177,198
2182,176,199
2183,170,195
2184,27,24
2185,199,197
2186,197,199
2187,202,195
2188,194,192
2189,114,104
2190,214,185
2191,219,188
2192,219,190
2193,179,157
2194,10,8
2195,194,197
2196,194,197
2197,86,87
2198,158,159
2199,188,173
2200,164,163
2201,195,195
2202,193,195
2203,193,196
2204,196,197
2205,198,199
2206,194,198
2207,194,196
2208,194,198
2209,190,196
2210,192,198
2211,189,198
2212,193,199
2213,195,197
2214,193,197
2215,217,192
2216,218,187
2217,219,186
2218,232,195
2219,200,166
2220,212,182
2221,225,194
2222,187,178
2223,166,152
2224,167,163
2225,172,176
2226,177,175
2227,122,114
2228,124,137
2229,162,184
2230,81,88
2231,229,194
2232,229,194
2233,224,191
2234,191,188
2235,214,197
2236,203,192
2237,99,98
2238,65,72
2239,198,197
2240,179,180
2241,111,109
2242,184,188
2243,179,187
2244,186,192
2245,180,191
2246,158,165
2247,100,97
2248,212,192
2249,180,175
2250,131,141
2251,190,191
2252,164,157
2253,19,14
2254,155,165
2255,108,105
2256,2,2
2257,148,145
2258,160,152
2259,89,97
2260,37,39
2261,201,188
2262,154,147
2263,175,184
2264,168,182
2265,167,177
2266,167,185
2267,164,180
2268,175,181
2269,167,184
2270,167,187
2271,161,182
2272,171,179
2273,176,186
2274,159,185
2275,156,183
2276,161,175
2277,171,182
2278,153,182
2279,151,180
2280,162,178
2281,166,183
2282,156,183
2283,154,181
2284,170,181
2285,167,180
2286,160,185
2287,158,183
2288,170,178
2289,168,185
2290,160,188
2291,152,173
2292,167,187
2293,173,189
2294,163,186
2295,161,184
2296,175,183
2297,170,184
2298,164,185
2299,163,181
2300,163,189
2301,160,184
2302,164,179
2303,165,189
2304,165,185
2305,161,187
2306,176,189
2307,165,188
2308,165,184
2309,161,186
2310,194,172
2311,199,174
2312,188,168
2313,169,150
2314,186,168
2315,172,158
2316,189,183
2317,200,192
2318,184,197
2319,140,153
2320,181,166
2321,217,188
2322,203,179
2323,216,194
2324,140,143
2325,143,124
2326,230,196
2327,163,138
2328,159,172
2329,148,142
2330,178,175
2331,151,148
2332,159,167
2333,164,170
2334,176,188
2335,188,178
2336,185,182
2337,163,166
2338,160,177
2339,152,164
2340,169,184
2341,204,187
2342,199,183
2343,185,172
2344,177,165
2345,131,133
2346,131,115
2347,207,192
2348,209,192
2349,188,173
2350,201,185
2351,167,176
2352,155,174
2353,158,171
2354,36,44
2355,175,164
2356,206,197
2357,195,179
2358,199,188
2359,181,176
2360,207,186
2361,217,192
2362,217,191
2363,222,190
2364,21,22
2365,137,148
2366,158,168
2367,89,112
2368,72,60
2369,209,184
2370,126,106
2371,226,197
2372,214,188
2373,191,168
2374,204,195
2375,169,167
2376,198,197
2377,188,192
2378,201,195
2379,204,198
2380,35,38
2381,171,192
2382,170,193
2383,163,194
2384,167,185
2385,174,192
2386,170,191
2387,170,187
2388,179,194
2389,167,190
2390,161,186
2391,191,191
2392,187,187
2393,60,48
2394,217,191
2395,189,177
2396,169,166
2397,111,121
2398,167,157
2399,203,185
2400,217,184
2401,211,187
2402,182,176
2403,111,109
2404,182,181
2405,183,187
2406,186,188
2407,190,194
2408,170,174
2409,193,197
2410,153,144
2411,158,163
2412,196,198
2413,196,192
2414,162,156
2415,160,154
2416,44,39
2417,179,185
2418,161,172
2419,89,82
2420,205,195
2421,203,194
2422,205,195
2423,211,197
2424,212,196
2425,210,194
2426,212,197
2427,230,194
2428,210,184
2429,183,169
2430,114,103
2431,194,177
2432,216,188
2433,211,193
2434,142,137
2435,158,188
2436,116,117
2437,51,49
2438,169,181
2439,48,43
2440,15,15
2441,140,150
2442,128,123
2443,178,174
2444,153,158
2445,145,149
2446,168,181
2447,149,167
2448,129,109
2449,162,154
2450,135,126
2451,146,154
2452,197,193
2453,188,193
2454,175,188
2455,133,152
2456,154,166
2457,174,188
2458,125,120
2459,161,169
2460,169,176
2461,192,193
2462,171,186
2463,185,189
2464,172,180
2465,174,184
2466,155,171
2467,111,116
2468,192,188
2469,154,148
2470,152,148
2471,181,179
2472,48,48
2473,145,165
2474,150,154
2475,161,168
2476,133,148
2477,167,168
2478,141,134
2479,198,194
2480,201,196
2481,81,83
2482,43,43
2483,212,196
2484,205,181
2485,149,152
2486,129,147
2487,174,187
2488,164,176
2489,195,184
2490,204,197
2491,153,148
2492,87,89
2493,189,184
2494,207,180
2495,210,178
2496,204,169
2497,206,168
2498,208,170
2499,202,167
2500,204,167
2501,204,167
2502,203,167
2503,195,197
2504,166,160
2505,201,195
2506,102,100
2507,191,193
2508,189,192
2509,197,192
2510,187,180
2511,165,155
2512,170,169
2513,176,178
2514,158,177
2515,126,139
2516,174,189
2517,185,197
2518,183,196
2519,182,197
2520,182,198
2521,179,196
2522,178,196
2523,180,197
2524,183,197
2525,183,198
2526,178,195
2527,181,196
2528,181,197
2529,182,197
2530,179,195
2531,180,197
2532,179,195
2533,185,198
2534,187,199
2535,187,198
2536,186,198
2537,187,198
2538,186,196
2539,186,196
2540,188,199
2541,184,196
2542,186,198
2543,185,197
2544,137,136
2545,113,115
2546,190,192
2547,201,188
2548,161,161
2549,180,189
2550,158,142
2551,88,78
2552,62,58
2553,140,169
2554,151,182
2555,153,183
2556,144,156
2557,129,107
2558,111,106
2559,195,194
2560,197,197
2561,107,104
2562,150,149
2563,197,195
2564,197,195
2565,145,142
2566,168,170
2567,194,194
2568,187,190
2569,171,173
2570,209,195
2571,164,164
2572,147,154
2573,180,185
2574,97,99
2575,173,182
2576,177,182
2577,191,189
2578,139,118
2579,180,185
2580,171,186
2581,207,185
2582,213,195
2583,158,150
2584,174,178
2585,178,186
2586,198,194
2587,197,190
2588,199,192
2589,190,180
2590,206,192
2591,180,188
2592,168,166
2593,162,177
2594,138,155
2595,127,149
2596,82,73
2597,171,171
2598,126,161
2599,158,193
2600,166,156
2601,190,189
2602,202,192
2603,201,174
2604,30,128
2605,9,8
2606,156,164
2607,149,136
2608,196,190
2609,160,166
2610,119,130
2611,187,177
2612,199,189
2613,207,197
2614,163,157
2615,59,53
2616,195,172
2617,183,177
2618,188,179
2619,175,171
2620,173,156
2621,205,186
2622,186,174
2623,177,172
2624,159,172
2625,180,178
2626,196,190
2627,190,180
2628,193,190
2629,178,187
2630,177,184
2631,161,165
2632,157,156
2633,166,171
2634,123,129
2635,191,195
2636,196,197
2637,196,197
2638,96,98
2639,185,194
2640,205,187
2641,183,172
2642,188,184
2643,186,191
2644,184,193
2645,163,173
2646,174,182
2647,161,179
2648,177,184
2649,178,186
2650,188,192
2651,182,187
2652,108,115
2653,203,193
2654,190,181
2655,181,167
2656,113,113
2657,133,143
2658,171,168
2659,174,174
2660,104,113
2661,139,131
2662,161,159
2663,137,133
2664,149,136
2665,192,181
2666,198,189
2667,170,171
2668,199,197
2669,164,161
2670,173,189
2671,163,185
2672,165,188
2673,160,176
2674,174,180
2675,182,183
2676,158,153
2677,178,183
2678,182,191
2679,134,143
2680,177,178
2681,148,150
2682,69,74
2683,135,151
2684,139,169
2685,151,180
2686,159,179
2687,187,193
2688,174,184
2689,178,191
2690,176,192
2691,130,117
2692,174,174
2693,59,67
2694,93,98
2695,166,173
2696,159,171
2697,104,141
2698,120,165
2699,95,140
2700,97,143
2701,95,143
2702,103,146
2703,110,148
2704,176,177
2705,194,190
2706,192,190
2707,194,190
2708,167,167
2709,174,167
2710,192,188
2711,182,173
2712,186,177
2713,190,192
2714,143,150
2715,185,186
2716,194,192
2717,154,146
2718,174,170
2719,130,132
2720,147,145
2721,170,168
2722,107,115
2723,186,189
2724,126,129
2725,176,186
2726,172,181
2727,178,167
2728,185,189
2729,141,162
2730,175,192
2731,177,180
2732,150,150
2733,135,145
2734,203,189
2735,40,39
2736,174,196
2737,175,196
2738,147,167
2739,175,195
2740,168,189
2741,155,183
2742,160,151
2743,149,143
2744,116,97
2745,116,115
2746,162,183
2747,95,102
2748,161,181
2749,179,195
2750,189,177
2751,200,192
2752,80,77
2753,73,74
2754,205,194
2755,186,180
2756,188,183
2757,168,163
2758,174,178
2759,205,189
2760,166,161
2761,188,173
2762,207,187
2763,192,179
2764,176,185
2765,141,156
2766,186,186
2767,184,186
2768,129,142
2769,156,165
2770,186,177
2771,205,193
2772,182,176
2773,181,177
2774,167,164
2775,85,76
2776,175,168
2777,177,160
2778,118,128
2779,122,127
2780,152,155
2781,194,195
2782,141,195
2783,136,190
2784,135,194
2785,135,194
2786,135,194
2787,135,190
2788,135,190
2789,136,194
2790,136,194
2791,136,194
2792,137,190
2793,137,190
2794,135,194
2795,135,194
2796,135,194
2797,138,193
2798,193,181
2799,182,182
2800,15,14
2801,83,89
2802,172,180
2803,143,156
2804,192,190
2805,193,193
2806,191,194
2807,190,194
2808,189,193
2809,190,194
2810,188,194
2811,189,193
2812,130,148
2813,190,190
2814,194,193
2815,190,189
2816,194,191
2817,192,189
2818,197,192
2819,195,190
2820,198,189
2821,203,191
2822,202,192
2823,203,189
2824,203,190
2825,201,189
2826,200,190
2827,201,189
2828,201,190
2829,207,193
2830,205,194
2831,200,192
2832,200,194
2833,200,193
2834,172,172
2835,171,166
2836,142,143
2837,174,187
2838,168,184
2839,194,189
2840,197,193
2841,155,165
2842,197,197
2843,191,190
2844,115,117
2845,196,187
2846,193,195
2847,177,180
2848,192,187
2849,129,109
2850,204,180
2851,199,167
2852,234,192
2853,224,185
2854,237,189
2855,218,177
2856,206,181
2857,91,88
2858,129,123
2859,196,191
2860,161,154
2861,192,193
2862,122,135
2863,173,175
2864,182,189
2865,189,190
2866,186,169
2867,217,194
2868,198,170
2869,186,186
2870,199,188
2871,110,119
2872,183,196
2873,138,143
2874,198,198
2875,165,155
2876,22,23
2877,190,193
2878,185,191
2879,177,172
2880,142,162
2881,158,182
2882,130,172
2883,126,166
2884,123,161
2885,203,191
2886,193,189
2887,180,193
2888,178,192
2889,129,138
2890,49,45
2891,204,187
2892,201,190
2893,170,163
2894,195,185
2895,139,127
2896,52,59
2897,24,21
2898,152,146
2899,182,182
2900,179,170
2901,73,80
2902,168,169
2903,219,189
2904,208,181
2905,204,175
2906,109,96
2907,50,45
2908,192,196
2909,167,175
2910,191,195
2911,59,57
2912,170,171
2913,183,174
2914,195,184
2915,203,193
2916,97,113
2917,209,189
2918,201,187
2919,189,172
2920,203,188
2921,195,186
2922,155,160
2923,21,20
2924,167,157
2925,195,171
2926,173,177
2927,143,144
2928,21,19
2929,191,185
2930,154,198
2931,164,173
2932,155,179
2933,140,170
2934,156,186
2935,147,158
2936,146,149
2937,47,47
2938,133,139
2939,158,167
2940,174,173
2941,104,105
2942,153,165
2943,160,175
2944,195,191
2945,147,145
2946,186,190
2947,189,194
2948,196,195
2949,196,195
2950,198,189
2951,199,193
2952,200,194
2953,182,175
2954,196,189
2955,197,184
2956,185,173
2957,189,182
2958,188,178
2959,181,166
2960,189,190
2961,147,152
2962,178,181
2963,184,191
2964,96,104
2965,191,178
2966,164,146
2967,47,44
2968,165,169
2969,186,191
2970,177,187
2971,156,151
2972,176,186
2973,163,177
2974,165,173
2975,158,165
2976,171,193
2977,170,160
2978,194,189
2979,175,189
2980,164,174
2981,151,169
2982,131,118
2983,167,179
2984,177,194
2985,160,187
2986,159,185
2987,159,170
2988,179,172
2989,210,195
2990,212,195
2991,187,173
2992,177,175
2993,151,146
2994,222,195
2995,213,190
2996,195,191
2997,92,82
2998,212,175
2999,62,73
3000,72,76
3001,100,107
3002,162,169
3003,105,113
3004,51,54
3005,187,170
3006,202,188
3007,158,162
3008,194,177
3009,174,167
3010,209,197
3011,167,159
3012,137,164
3013,133,147
3014,197,193
3015,153,151
3016,102,90
3017,128,129
3018,179,182
3019,168,169
3020,183,190
3021,174,176
3022,170,175
3023,87,96
3024,55,52
3025,174,192
3026,165,188
3027,174,194
3028,53,49
3029,204,184
3030,215,194
3031,204,187
3032,155,178
3033,144,172
3034,142,183
3035,163,187
3036,150,182
3037,139,180
3038,153,184
3039,150,178
3040,136,182
3041,133,176
3042,142,172
3043,152,178
3044,135,180
3045,146,182
3046,162,185
3047,149,182
3048,125,170
3049,142,175
3050,166,187
3051,139,184
3052,152,186
3053,153,180
3054,140,183
3055,137,177
3056,153,181
3057,153,184
3058,135,185
3059,145,175
3060,143,180
3061,133,184
3062,139,172
3063,141,173
3064,129,180
3065,141,181
3066,155,185
3067,141,180
3068,126,168
3069,186,186
3070,187,190
3071,192,187
3072,161,162
3073,109,94
3074,207,192
3075,166,158
3076,157,170
3077,155,172
3078,155,181
3079,173,192
3080,179,196
3081,185,196
3082,161,179
3083,151,148
3084,216,199
3085,206,193
3086,179,165
3087,146,145
3088,186,175
3089,183,180
3090,161,169
3091,189,196
3092,172,195
3093,178,166
3094,205,194
3095,154,149
3096,195,185
3097,189,185
3098,181,183
3099,197,193
3100,188,191
3101,189,193
3102,198,196
3103,195,191
3104,168,169
3105,169,175
3106,171,183
3107,55,51
3108,199,194
3109,182,182
3110,190,190
3111,98,98
3112,178,189
3113,194,191
3114,195,191
3115,193,190
3116,132,127
3117,43,43
3118,163,167
3119,165,165
3120,194,187
3121,185,170
3122,154,152
3123,158,150
3124,191,194
3125,161,175
3126,169,178
3127,173,182
3128,171,178
3129,153,148
3130,170,180
3131,77,82
3132,174,194
3133,91,91
3134,187,192
3135,186,184
3136,90,74
3137,204,171
3138,118,119
3139,199,198
3140,187,187
3141,122,120
3142,198,185
3143,203,193
3144,115,109
3145,190,181
3146,134,144
3147,196,199
3148,138,152
3149,182,155
3150,211,193
3151,189,175
3152,178,174
3153,155,152
3154,191,185
3155,206,187
3156,216,197
3157,188,172
3158,200,188
3159,186,182
3160,174,177
3161,136,144
3162,171,163
3163,197,192
3164,198,194
3165,164,162
3166,167,159
3167,196,199
3168,160,165
3169,176,184
3170,163,182
3171,175,191
3172,93,101
3173,168,173
3174,201,189
3175,171,173
3176,158,179
3177,148,170
3178,146,172
3179,209,193
3180,147,133
3181,182,189
3182,140,154
3183,151,164
3184,181,178
3185,158,170
3186,183,195
3187,175,187
3188,180,183
3189,122,125
3190,154,185
3191,191,182
3192,165,185
3193,164,187
3194,167,187
3195,176,187
3196,172,182
3197,176,189
3198,177,187
3199,177,187
3200,177,189
3201,182,190
3202,180,190
3203,181,188
3204,181,188
3205,180,190
3206,182,190
3207,164,182
3208,162,174
3209,179,189
3210,162,183
3211,177,188
3212,161,183
3213,157,181
3214,172,186
3215,160,183
3216,156,181
3217,171,186
3218,158,182
3219,154,181
3220,169,185
3221,159,189
3222,151,180
3223,168,181
3224,171,189
3225,160,185
3226,152,176
3227,168,176
3228,174,189
3229,170,184
3230,161,180
3231,154,171
3232,184,185
3233,185,183
3234,189,190
3235,187,185
3236,198,187
3237,193,191
3238,183,187
3239,165,168
3240,198,186
3241,184,186
3242,204,192
3243,159,167
3244,196,183
3245,197,191
3246,187,187
3247,194,188
3248,195,186
3249,196,188
3250,195,187
3251,185,187
3252,186,179
3253,200,190
3254,199,186
3255,178,186
3256,181,188
3257,197,191
3258,176,187
3259,185,183
3260,191,190
3261,178,182
3262,189,188
3263,168,183
3264,181,185
3265,175,181
3266,172,189
3267,179,183
3268,163,180
3269,172,176
3270,168,181
3271,179,178
3272,184,181
3273,180,188
3274,196,188
3275,197,187
3276,175,182
3277,189,182
3278,205,191
3279,171,178
3280,203,186
3281,189,187
3282,198,183
3283,192,178
3284,196,183
3285,205,189
3286,191,180
3287,195,185
3288,194,181
3289,196,186
3290,197,184
3291,60,59
3292,187,186
3293,181,190
3294,153,166
3295,174,181
3296,185,194
3297,162,174
3298,184,182
3299,195,194
3300,175,178
3301,184,186
3302,194,195
3303,192,196
3304,190,196
3305,185,192
3306,188,192
3307,176,171
3308,210,197
3309,207,197
3310,188,179
3311,191,188
3312,194,195
3313,186,184
3314,149,150
3315,184,193
3316,184,191
3317,162,167
3318,189,186
3319,197,188
3320,199,192
3321,152,143
3322,204,188
3323,201,190
3324,190,188
3325,167,177
3326,168,183
3327,168,181
3328,178,194
3329,161,180
3330,177,187
3331,182,192
3332,165,157
3333,174,184
3334,108,130
3335,184,173
3336,193,190
3337,194,188
3338,121,119
3339,188,176
3340,198,188
3341,201,189
3342,198,186
3343,153,136
3344,141,145
3345,207,192
3346,197,186
3347,209,192
3348,216,190
3349,204,184
3350,182,165
3351,155,183
3352,149,187
3353,147,185
3354,159,197
3355,141,188
3356,140,193
3357,138,191
3358,141,189
3359,141,186
3360,135,187
3361,133,185
3362,80,72
3363,160,151
3364,153,153
3365,202,196
3366,177,177
3367,220,193
3368,212,194
3369,22,22
3370,173,183
3371,62,65
3372,192,194
3373,113,104
3374,194,197
3375,191,190
3376,190,191
3377,189,191
3378,178,182
3379,180,186
3380,183,189
3381,175,184
3382,163,171
3383,178,182
3384,162,166
3385,159,164
3386,170,178
3387,134,141
3388,142,142
3389,179,174
3390,175,171
3391,140,149
3392,188,196
3393,154,173
3394,177,195
3395,62,67
3396,179,168
3397,200,189
3398,180,164
3399,197,189
3400,97,99
3401,133,126
3402,195,194
3403,195,194
3404,194,194
3405,194,194
3406,195,194
3407,158,160
3408,126,115
3409,201,190
3410,180,172
3411,170,166
3412,182,164
3413,203,192
3414,209,191
3415,200,178
3416,171,173
3417,161,174
3418,136,174
3419,160,194
3420,178,187
3421,185,187
3422,173,174
3423,85,73
3424,157,167
3425,188,194
3426,174,181
3427,131,122
3428,195,175
3429,194,177
3430,192,187
3431,188,193
3432,188,193
3433,194,191
3434,165,163
3435,179,182
