,num_tokens,length
1,185,197
2,183,178
3,195,194
4,16,17
5,198,192
6,163,162
7,164,161
8,194,194
9,165,167
10,183,185
11,179,175
12,202,195
13,152,163
14,176,187
15,148,162
16,159,187
17,199,180
18,187,188
19,82,78
20,132,132
21,84,82
22,131,135
23,111,112
24,107,108
25,93,97
26,161,184
27,125,142
28,162,179
29,155,175
30,149,167
31,155,173
32,76,75
33,114,113
34,178,173
35,140,142
36,140,144
37,131,128
38,151,138
39,108,134
40,160,173
41,139,148
42,153,156
43,155,171
44,137,154
45,80,83
46,179,190
47,145,155
48,64,65
49,166,176
50,174,181
51,170,182
52,145,150
53,135,143
54,136,153
55,60,59
56,184,189
57,163,165
58,176,190
59,142,160
60,170,182
61,178,176
62,137,130
63,161,164
64,184,187
65,185,191
66,171,179
67,152,167
68,189,193
69,146,154
70,191,192
71,159,168
72,181,158
73,131,158
74,153,159
75,179,178
76,188,191
77,154,161
78,115,116
79,185,186
80,123,130
81,193,190
82,190,189
83,154,169
84,149,161
85,167,191
86,127,126
87,185,169
88,89,125
89,88,88
90,173,180
91,86,86
92,103,112
93,80,98
94,110,134
95,98,85
96,180,179
97,175,177
98,144,148
99,70,80
100,101,112
101,146,157
102,173,174
103,169,184
104,112,124
105,174,171
106,79,83
107,138,149
108,168,171
109,49,47
110,152,163
111,172,177
112,173,184
113,66,60
114,27,36
115,196,194
116,197,194
117,195,191
118,199,195
119,202,197
120,202,196
121,197,195
122,196,185
123,201,192
124,203,194
125,205,197
126,206,197
127,202,193
128,201,195
129,200,190
130,204,194
131,209,198
132,206,198
133,204,195
134,207,197
135,199,196
136,186,193
137,190,196
138,187,193
139,192,195
140,191,193
141,193,196
142,193,196
143,191,195
144,191,196
145,190,196
146,190,196
147,186,194
148,187,194
149,184,195
150,183,194
151,192,192
152,199,197
153,198,197
154,198,191
155,200,194
156,204,198
157,207,199
158,207,199
159,204,198
160,207,199
161,206,199
162,197,193
163,201,196
164,194,195
165,198,196
166,199,197
167,201,198
168,197,195
169,196,197
170,195,196
171,194,197
172,193,196
173,193,197
174,193,197
175,195,197
176,195,197
177,194,195
178,195,197
179,197,197
180,192,194
181,199,196
182,196,195
183,199,196
184,201,196
185,197,195
186,199,196
187,201,197
188,197,195
189,197,196
190,191,193
191,192,195
192,193,196
193,195,196
194,194,197
195,194,196
196,194,195
197,191,197
198,191,197
199,186,194
200,189,196
201,186,188
202,193,193
203,197,196
204,197,197
205,193,195
206,193,195
207,194,195
208,191,194
209,191,196
210,191,193
211,193,195
212,191,194
213,193,196
214,194,194
215,195,194
216,198,196
217,196,195
218,199,195
219,200,195
220,200,195
221,198,193
222,198,194
223,199,195
224,199,194
225,196,196
226,195,194
227,199,196
228,195,195
229,197,193
230,195,195
231,192,194
232,191,195
233,192,195
234,190,193
235,192,196
236,192,194
237,190,195
238,191,194
239,192,195
240,192,197
241,192,197
242,191,197
243,190,196
244,192,196
245,191,194
246,194,195
247,192,196
248,193,196
249,192,196
250,191,196
251,190,195
252,191,195
253,189,194
254,190,195
255,191,197
256,187,193
257,92,94
258,207,196
259,208,196
260,210,193
261,214,197
262,216,199
263,216,198
264,211,196
265,208,193
266,152,158
267,92,111
268,158,152
269,193,184
270,197,196
271,127,130
272,174,178
273,172,175
274,170,184
275,180,179
276,150,140
277,154,143
278,212,174
279,221,191
280,173,174
281,172,183
282,148,162
283,155,167
284,168,182
285,155,157
286,188,195
287,188,195
288,182,189
289,128,122
290,193,163
291,217,189
292,222,185
293,230,180
294,239,185
295,174,137
296,172,168
297,200,188
298,182,181
299,160,171
300,161,172
301,144,136
302,200,188
303,150,130
304,193,177
305,104,107
306,183,166
307,90,84
308,200,186
309,132,152
310,173,168
311,174,175
312,162,165
313,143,143
314,199,187
315,189,184
316,170,171
317,136,119
318,63,50
319,141,161
320,140,160
321,131,181
322,133,184
323,131,183
324,128,180
325,130,180
326,134,185
327,129,182
328,129,182
329,130,183
330,130,167
331,140,177
332,143,181
333,144,182
334,158,145
335,196,192
336,152,165
337,176,178
338,173,184
339,175,190
340,159,174
341,202,199
342,197,197
343,197,198
344,196,196
345,194,196
346,192,196
347,190,197
348,188,195
349,188,198
350,188,198
351,185,199
352,186,199
353,187,198
354,187,196
355,188,198
356,187,195
357,187,196
358,191,196
359,192,198
360,189,197
361,191,199
362,189,195
363,186,193
364,105,122
365,211,186
366,205,193
367,183,190
368,166,170
369,152,161
370,196,183
371,191,187
372,175,171
373,186,193
374,158,171
375,142,139
376,185,190
377,147,143
378,157,154
379,160,156
380,166,169
381,158,175
382,153,165
383,118,112
384,170,177
385,107,113
386,165,160
387,173,165
388,120,137
389,99,125
390,131,148
391,161,176
392,170,176
393,134,157
394,163,170
395,188,196
396,169,165
397,159,158
398,154,150
399,191,195
400,189,183
401,182,185
402,149,161
403,171,169
404,196,192
405,155,162
406,117,110
407,203,196
408,204,196
409,184,173
410,148,146
411,160,162
412,172,179
413,155,170
414,124,125
415,175,177
416,185,185
417,72,69
418,174,147
419,185,159
420,126,104
421,178,170
422,155,161
423,154,153
424,186,193
425,167,179
426,152,181
427,156,179
428,142,154
429,187,197
430,174,188
431,173,184
432,144,165
433,161,185
434,136,150
435,173,182
436,116,116
437,97,112
438,160,184
439,155,170
440,173,182
441,129,132
442,156,159
443,192,189
444,210,190
445,198,178
446,149,169
447,136,146
448,191,171
449,207,184
450,187,171
451,172,152
452,212,192
453,141,138
454,113,124
455,87,91
456,127,123
457,82,78
458,29,26
459,33,35
460,149,194
461,149,175
462,154,182
463,156,184
464,159,188
465,163,192
466,169,196
467,167,195
468,163,191
469,155,184
470,150,180
471,148,177
472,143,172
473,141,169
474,138,196
475,171,189
476,177,195
477,175,175
478,180,180
479,181,183
480,185,187
481,190,191
482,194,194
483,193,196
484,190,195
485,192,197
486,194,198
487,193,197
488,189,194
489,207,193
490,212,196
491,208,194
492,205,196
493,204,197
494,202,197
495,206,198
496,202,197
497,201,195
498,201,196
499,201,197
500,201,197
501,200,197
502,64,194
503,69,178
504,72,183
505,75,187
506,79,192
507,82,195
508,83,197
509,82,196
510,84,197
511,84,197
512,85,197
513,86,197
514,86,89
515,88,91
516,90,94
517,90,94
518,90,94
519,90,94
520,90,94
521,90,94
522,90,94
523,90,94
524,90,94
525,90,94
526,90,94
527,90,94
528,90,94
529,90,94
530,90,94
531,90,94
532,90,94
533,90,94
534,90,94
535,90,94
536,91,114
537,69,196
538,65,184
539,68,188
540,72,193
541,80,198
542,77,197
543,74,193
544,63,68
545,63,68
546,63,68
547,63,68
548,63,68
549,63,68
550,63,68
551,63,68
552,63,68
553,63,68
554,63,68
555,63,68
556,63,68
557,63,68
558,63,68
559,63,68
560,63,68
561,63,68
562,63,68
563,63,68
564,63,68
565,63,68
566,63,68
567,63,68
568,63,68
569,63,68
570,63,68
571,63,68
572,63,68
573,63,68
574,63,68
575,63,68
576,63,68
577,63,68
578,63,68
579,63,68
580,63,68
581,63,68
582,63,68
583,63,68
584,63,68
585,63,68
586,63,68
587,63,68
588,63,68
589,63,68
590,63,68
591,63,68
592,63,68
593,64,130
594,172,195
595,168,183
596,171,187
597,175,191
598,180,197
599,178,198
600,173,192
601,167,188
602,163,183
603,161,180
604,155,175
605,151,172
606,146,165
607,139,195
608,171,192
609,176,195
610,174,176
611,179,183
612,181,185
613,184,189
614,188,193
615,189,197
616,186,194
617,180,190
618,176,185
619,174,182
620,169,192
621,185,194
622,184,196
623,182,191
624,184,193
625,186,196
626,186,195
627,180,191
628,175,185
629,169,181
630,165,176
631,163,173
632,157,168
633,153,165
634,149,194
635,193,193
636,197,195
637,196,196
638,196,195
639,195,196
640,195,195
641,194,195
642,197,196
643,194,197
644,193,197
645,185,189
646,182,185
647,177,194
648,192,191
649,187,168
650,210,192
651,205,189
652,178,177
653,189,187
654,86,139
655,30,29
656,151,173
657,125,132
658,72,75
659,202,191
660,172,166
661,200,198
662,181,175
663,118,121
664,211,195
665,180,173
666,148,142
667,178,175
668,198,197
669,179,180
670,111,109
671,184,188
672,179,187
673,186,192
674,180,191
675,158,165
676,100,97
677,212,192
678,180,175
679,217,192
680,217,191
681,65,47
682,220,185
683,21,22
684,189,173
685,59,59
686,148,132
687,166,149
688,187,169
689,142,139
690,183,186
691,183,180
692,162,159
693,149,147
694,156,163
695,165,173
696,173,174
697,128,123
698,15,12
699,93,103
700,110,122
701,81,88
702,16,18
703,230,194
704,181,173
705,212,194
706,213,194
707,211,193
708,215,195
709,211,194
710,214,197
711,204,193
712,101,98
713,65,72
714,151,148
715,123,135
716,161,165
717,91,85
718,99,119
719,188,187
720,191,191
721,165,181
722,152,164
723,169,184
724,37,39
725,201,188
726,154,147
727,114,121
728,154,153
729,160,155
730,154,152
731,143,148
732,137,144
733,140,145
734,144,147
735,138,137
736,147,148
737,156,159
738,157,162
739,157,161
740,102,93
741,194,183
742,156,148
743,206,189
744,206,172
745,209,176
746,198,190
747,128,106
748,125,107
749,185,156
750,188,162
751,172,151
752,180,155
753,155,139
754,131,141
755,190,191
756,164,157
757,201,184
758,210,195
759,174,166
760,10,8
761,194,197
762,194,197
763,86,87
764,158,159
765,188,173
766,164,163
767,195,195
768,193,195
769,193,196
770,196,197
771,198,199
772,194,198
773,194,196
774,194,198
775,190,196
776,192,198
777,189,198
778,193,199
779,195,197
780,193,197
781,191,173
782,95,102
783,162,138
784,173,156
785,171,165
786,93,98
787,189,192
788,152,142
789,188,176
790,177,165
791,131,133
792,151,151
793,203,194
794,183,170
795,180,161
796,137,148
797,158,168
798,89,112
799,131,115
800,207,192
801,209,192
802,188,173
803,201,185
804,167,176
805,155,174
806,158,171
807,173,161
808,205,189
809,207,189
810,169,150
811,186,168
812,172,158
813,189,183
814,151,138
815,226,195
816,201,175
817,138,123
818,162,162
819,192,193
820,177,185
821,139,149
822,169,176
823,165,151
824,198,185
825,204,192
826,170,182
827,72,60
828,209,184
829,126,106
830,214,185
831,219,188
832,219,190
833,179,157
834,200,192
835,118,112
836,106,107
837,34,35
838,83,79
839,167,145
840,190,161
841,142,125
842,140,143
843,36,44
844,175,164
845,206,197
846,195,179
847,199,188
848,181,176
849,207,186
850,160,154
851,173,173
852,194,190
853,158,158
854,183,164
855,180,175
856,170,190
857,172,192
858,149,174
859,161,181
860,143,124
861,230,196
862,163,138
863,159,172
864,12,11
865,95,89
866,125,118
867,164,160
868,2,2
869,10,12
870,114,103
871,130,150
872,136,124
873,195,175
874,209,193
875,219,196
876,215,194
877,220,197
878,222,196
879,228,197
880,222,195
881,223,197
882,221,196
883,220,197
884,215,193
885,4,2
886,14,11
887,0,0
888,0,0
889,0,0
890,0,0
891,0,0
892,0,0
893,0,0
894,0,0
895,0,0
896,0,0
897,0,0
898,0,0
899,0,0
900,0,0
901,0,0
902,0,0
903,0,0
904,0,0
905,0,0
906,0,0
907,0,0
908,0,0
909,0,0
910,0,0
911,0,0
912,0,0
913,0,0
914,0,0
915,0,0
916,0,0
917,0,0
918,0,0
919,0,0
920,0,0
921,0,0
922,0,0
923,0,0
924,0,0
925,0,0
926,0,0
927,0,0
928,0,0
929,0,0
930,0,0
931,0,0
932,0,0
933,0,0
934,0,0
935,0,0
936,0,0
937,0,0
938,0,0
939,0,0
940,0,0
941,0,0
942,0,0
943,0,0
944,0,0
945,0,0
946,0,0
947,0,0
948,0,0
949,0,0
950,0,0
951,0,0
952,0,0
953,0,0
954,0,0
955,0,0
956,0,0
957,0,0
958,0,0
959,0,0
960,0,0
961,0,0
962,0,0
963,0,0
964,0,0
965,0,0
966,0,0
967,0,0
968,0,0
969,0,0
970,0,0
971,0,0
972,0,0
973,0,0
974,0,0
975,0,0
976,0,0
977,0,0
978,0,0
979,0,0
980,0,0
981,0,0
982,0,0
983,0,0
984,0,0
985,0,0
986,0,0
987,0,0
988,0,0
989,0,0
990,0,0
991,0,0
992,0,0
993,0,0
994,0,0
995,0,0
996,0,0
997,0,0
998,0,0
999,0,0
1000,0,0
1001,0,0
1002,0,0
1003,0,0
1004,0,0
1005,0,0
1006,0,0
1007,0,0
1008,0,0
1009,0,0
1010,0,0
1011,0,0
1012,0,0
1013,0,0
1014,0,0
1015,0,0
1016,0,0
1017,0,0
1018,0,0
1019,0,0
1020,0,0
1021,0,0
1022,0,0
1023,0,0
1024,0,0
1025,0,0
1026,0,0
1027,0,0
1028,0,0
1029,0,0
1030,0,0
1031,0,0
1032,0,0
1033,0,0
1034,0,0
1035,0,0
1036,0,0
1037,50,58
1038,132,147
1039,158,135
1040,148,141
1041,184,165
1042,34,42
1043,92,103
1044,185,195
1045,187,197
1046,185,198
1047,186,198
1048,184,197
1049,175,196
1050,176,198
1051,178,198
1052,178,198
1053,178,197
1054,178,196
1055,180,198
1056,181,198
1057,183,199
1058,176,198
1059,172,197
1060,177,198
1061,176,199
1062,170,195
1063,27,24
1064,199,197
1065,197,199
1066,202,195
1067,194,192
1068,114,104
1069,217,192
1070,218,187
1071,219,186
1072,232,195
1073,200,166
1074,212,182
1075,225,194
1076,187,178
1077,166,152
1078,167,163
1079,172,176
1080,177,175
1081,122,114
1082,110,93
1083,163,155
1084,190,191
1085,167,167
1086,195,188
1087,188,186
1088,183,181
1089,175,163
1090,119,126
1091,181,180
1092,113,84
1093,37,43
1094,118,142
1095,142,166
1096,126,136
1097,143,171
1098,159,180
1099,160,171
1100,177,188
1101,133,135
1102,191,182
1103,140,144
1104,138,141
1105,146,162
1106,132,147
1107,148,142
1108,134,177
1109,124,160
1110,159,172
1111,240,191
1112,162,158
1113,191,183
1114,200,191
1115,201,194
1116,191,188
1117,178,177
1118,182,193
1119,125,126
1120,203,172
1121,154,159
1122,128,142
1123,195,182
1124,206,196
1125,169,164
1126,149,149
1127,140,137
1128,167,191
1129,96,109
1130,36,35
1131,100,94
1132,203,198
1133,187,191
1134,192,195
1135,155,169
1136,178,191
1137,182,188
1138,169,166
1139,185,168
1140,163,154
1141,160,152
1142,172,178
1143,159,167
1144,136,152
1145,136,159
1146,144,171
1147,167,170
1148,124,125
1149,174,187
1150,178,188
1151,177,185
1152,161,168
1153,174,180
1154,169,175
1155,187,193
1156,172,188
1157,162,183
1158,15,17
1159,162,162
1160,163,171
1161,48,45
1162,93,90
1163,63,66
1164,113,111
1165,176,179
1166,150,152
1167,174,189
1168,172,176
1169,119,114
1170,160,163
1171,171,182
1172,188,188
1173,162,170
1174,169,173
1175,201,193
1176,209,195
1177,186,176
1178,192,193
1179,168,178
1180,183,188
1181,178,175
1182,178,182
1183,151,177
1184,134,164
1185,183,188
1186,180,185
1187,144,152
1188,104,111
1189,157,165
1190,188,194
1191,120,130
1192,121,131
1193,148,156
1194,160,163
1195,159,180
1196,96,105
1197,101,105
1198,180,179
1199,87,95
1200,153,163
1201,139,127
1202,116,117
1203,149,162
1204,195,193
1205,132,140
1206,109,139
1207,156,176
1208,153,165
1209,173,195
1210,170,192
1211,149,166
1212,179,186
1213,80,90
1214,168,178
1215,119,121
1216,105,106
1217,140,138
1218,148,156
1219,83,80
1220,181,183
1221,185,186
1222,183,188
1223,168,176
1224,175,185
1225,179,188
1226,175,184
1227,179,188
1228,164,176
1229,177,183
1230,177,187
1231,170,188
1232,169,184
1233,175,188
1234,165,176
1235,0,0
1236,0,0
1237,0,0
1238,0,0
1239,0,0
1240,0,0
1241,0,0
1242,0,0
1243,0,0
1244,0,0
1245,0,0
1246,0,0
1247,0,0
1248,0,0
1249,0,0
1250,0,0
1251,0,0
1252,0,0
1253,0,0
1254,0,0
1255,0,0
1256,0,0
1257,0,0
1258,0,0
1259,0,0
1260,0,0
1261,0,0
1262,0,0
1263,0,0
1264,0,0
1265,0,0
1266,0,0
1267,0,0
1268,0,0
1269,0,0
1270,0,0
1271,0,0
1272,0,0
1273,0,0
1274,0,0
1275,0,0
1276,0,0
1277,0,0
1278,0,0
1279,0,0
1280,0,0
1281,0,0
1282,0,0
1283,0,0
1284,0,0
1285,0,0
1286,0,0
1287,0,0
1288,0,0
1289,0,0
1290,0,0
1291,0,0
1292,0,0
1293,0,0
1294,0,0
1295,0,0
1296,0,0
1297,0,0
1298,0,0
1299,0,0
1300,0,0
1301,0,0
1302,0,0
1303,0,0
1304,0,0
1305,0,0
1306,0,0
1307,0,0
1308,0,0
1309,0,0
1310,0,0
1311,0,0
1312,0,0
1313,0,0
1314,0,0
1315,0,0
1316,0,0
1317,0,0
1318,0,0
1319,0,0
1320,0,0
1321,0,0
1322,0,0
1323,0,0
1324,0,0
1325,0,0
1326,0,0
1327,0,0
1328,0,0
1329,0,0
1330,0,0
1331,0,0
1332,0,0
1333,0,0
1334,0,0
1335,0,0
1336,0,0
1337,0,0
1338,0,0
1339,0,0
1340,0,0
1341,0,0
1342,0,0
1343,0,0
1344,0,0
1345,0,0
1346,0,0
1347,0,0
1348,0,0
1349,0,0
1350,0,0
1351,0,0
1352,0,0
1353,0,0
1354,0,0
1355,0,0
1356,0,0
1357,0,0
1358,0,0
1359,0,0
1360,0,0
1361,0,0
1362,0,0
1363,0,0
1364,0,0
1365,0,0
1366,0,0
1367,0,0
1368,0,0
1369,0,0
1370,0,0
1371,0,0
1372,0,0
1373,0,0
1374,0,0
1375,0,0
1376,0,0
1377,0,0
1378,0,0
1379,0,0
1380,0,0
1381,0,0
1382,0,0
1383,0,0
1384,0,0
1385,0,0
1386,0,0
1387,0,0
1388,0,0
1389,0,0
1390,0,0
1391,0,0
1392,0,0
1393,0,0
1394,0,0
1395,0,0
1396,0,0
1397,0,0
1398,0,0
1399,0,0
1400,0,0
1401,0,0
1402,0,0
1403,0,0
1404,0,0
1405,0,0
1406,0,0
1407,0,0
1408,0,0
1409,0,0
1410,0,0
1411,0,0
1412,45,185
1413,45,184
1414,41,181
1415,40,180
1416,38,176
1417,35,160
1418,35,160
1419,35,160
1420,35,160
1421,35,160
1422,35,160
1423,35,160
1424,35,160
1425,35,160
1426,35,160
1427,35,160
1428,35,160
1429,35,160
1430,35,160
1431,34,159
1432,26,117
1433,27,167
1434,35,179
1435,35,179
1436,35,179
1437,35,179
1438,35,179
1439,35,179
1440,35,179
1441,35,179
1442,35,179
1443,35,179
1444,35,179
1445,35,179
1446,35,179
1447,35,179
1448,35,179
1449,35,179
1450,35,179
1451,34,178
1452,26,137
1453,26,137
1454,26,137
1455,26,137
1456,26,137
1457,26,137
1458,26,137
1459,26,137
1460,26,137
1461,26,137
1462,26,137
1463,26,137
1464,26,137
1465,26,137
1466,26,137
1467,26,137
1468,26,137
1469,26,137
1470,26,137
1471,26,137
1472,27,187
1473,26,136
1474,26,136
1475,26,136
1476,26,136
1477,26,136
1478,26,136
1479,26,136
1480,26,136
1481,26,136
1482,26,136
1483,26,136
1484,26,136
1485,26,136
1486,26,136
1487,26,136
1488,26,136
1489,26,136
1490,26,136
1491,26,136
1492,26,136
1493,26,136
1494,26,136
1495,26,136
1496,26,136
1497,26,136
1498,26,136
1499,26,136
1500,26,136
1501,26,136
1502,26,136
1503,26,136
1504,26,136
1505,26,136
1506,26,136
1507,26,136
1508,26,136
1509,26,136
1510,26,136
1511,27,185
1512,45,185
1513,45,184
1514,41,181
1515,40,180
1516,38,175
1517,35,160
1518,35,160
1519,35,160
1520,35,160
1521,35,160
1522,35,160
1523,35,160
1524,35,160
1525,35,160
1526,35,160
1527,35,160
1528,35,160
1529,35,160
1530,34,159
1531,26,117
1532,27,167
1533,35,179
1534,35,179
1535,35,179
1536,35,179
1537,35,179
1538,35,179
1539,35,179
1540,35,179
1541,35,179
1542,35,179
1543,35,179
1544,35,179
1545,35,179
1546,35,179
1547,35,179
1548,35,179
1549,35,179
1550,34,178
1551,26,137
1552,26,137
1553,26,137
1554,26,137
1555,26,137
1556,26,137
1557,26,137
1558,26,137
1559,26,137
1560,26,137
1561,26,137
1562,26,137
1563,26,137
1564,26,137
1565,26,137
1566,26,137
1567,26,137
1568,26,137
1569,26,137
1570,26,137
1571,27,187
1572,26,136
1573,26,136
1574,26,136
1575,26,136
1576,26,136
1577,26,136
1578,26,136
1579,26,136
1580,26,136
1581,26,136
1582,26,136
1583,26,136
1584,26,136
1585,26,136
1586,26,136
1587,26,136
1588,26,136
1589,26,136
1590,26,136
1591,26,136
1592,26,136
1593,26,136
1594,26,136
1595,26,136
1596,26,136
1597,26,136
1598,26,136
1599,26,136
1600,26,136
1601,26,136
1602,26,136
1603,26,136
1604,26,136
1605,26,136
1606,26,136
1607,26,136
1608,26,136
1609,26,136
1610,26,136
1611,27,185
1612,45,185
1613,45,184
1614,41,181
1615,40,180
1616,38,175
1617,35,160
1618,35,160
1619,35,160
1620,35,160
1621,35,160
1622,35,160
1623,35,160
1624,35,160
1625,35,160
1626,35,160
1627,35,160
1628,35,160
1629,35,160
1630,34,159
1631,26,117
1632,27,167
1633,35,179
1634,35,179
1635,35,179
1636,35,179
1637,35,179
1638,35,179
1639,35,179
1640,35,179
1641,35,179
1642,35,179
1643,35,179
1644,35,179
1645,35,179
1646,35,179
1647,35,179
1648,35,179
1649,35,179
1650,34,178
1651,26,137
1652,26,137
1653,26,137
1654,26,137
1655,26,137
1656,26,137
1657,26,137
1658,26,137
1659,26,137
1660,26,137
1661,26,137
1662,26,137
1663,26,137
1664,26,137
1665,26,137
1666,26,137
1667,26,137
1668,26,137
1669,26,137
1670,26,137
1671,27,187
1672,26,136
1673,26,136
1674,26,136
1675,26,136
1676,26,136
1677,26,136
1678,26,136
1679,26,136
1680,26,136
1681,26,136
1682,26,136
1683,26,136
1684,26,136
1685,26,136
1686,26,136
1687,26,136
1688,26,136
1689,26,136
1690,26,136
1691,26,136
1692,26,136
1693,26,136
1694,26,136
1695,26,136
1696,26,136
1697,26,136
1698,26,136
1699,26,136
1700,26,136
1701,26,136
1702,26,136
1703,26,136
1704,26,136
1705,26,136
1706,26,136
1707,26,136
1708,26,136
1709,26,136
1710,26,136
1711,27,185
1712,37,185
1713,36,184
1714,32,181
1715,31,180
1716,30,175
1717,27,160
1718,27,160
1719,27,160
1720,27,160
1721,27,160
1722,27,160
1723,27,160
1724,27,160
1725,27,160
1726,27,160
1727,27,160
1728,27,160
1729,27,160
1730,27,159
1731,26,117
1732,26,117
1733,26,117
1734,26,117
1735,26,117
1736,26,117
1737,26,117
1738,26,117
1739,26,117
1740,26,117
1741,26,117
1742,26,117
1743,27,167
1744,35,179
1745,35,179
1746,35,179
1747,35,179
1748,35,179
1749,35,179
1750,35,179
1751,35,179
1752,35,179
1753,35,179
1754,35,179
1755,35,179
1756,35,179
1757,35,179
1758,35,179
1759,35,179
1760,35,179
1761,34,178
1762,26,137
1763,26,137
1764,26,137
1765,26,137
1766,26,137
1767,26,137
1768,26,137
1769,26,137
1770,26,137
1771,26,137
1772,26,137
1773,26,137
1774,26,137
1775,26,137
1776,26,137
1777,26,137
1778,26,137
1779,26,137
1780,27,187
1781,26,136
1782,26,136
1783,26,136
1784,26,136
1785,26,136
1786,26,136
1787,26,136
1788,26,136
1789,26,136
1790,26,136
1791,26,136
1792,26,136
1793,26,136
1794,26,136
1795,26,136
1796,26,136
1797,26,136
1798,26,136
1799,26,136
1800,26,136
1801,26,136
1802,26,136
1803,26,136
1804,26,136
1805,26,136
1806,26,136
1807,26,136
1808,26,136
1809,26,136
1810,26,136
1811,26,136
1812,26,136
1813,26,136
1814,26,136
1815,26,136
1816,26,136
1817,26,136
1818,26,136
1819,26,136
1820,27,185
1821,175,184
1822,169,188
1823,164,182
1824,165,183
1825,165,178
1826,170,188
1827,166,182
1828,165,183
1829,165,178
1830,168,188
1831,164,182
1832,165,183
1833,165,176
1834,171,188
1835,166,182
1836,165,183
1837,165,176
1838,169,188
1839,166,182
1840,165,183
1841,0,0
1842,0,0
1843,0,0
1844,0,0
1845,0,0
1846,0,0
1847,0,0
1848,0,0
1849,0,0
1850,0,0
1851,0,0
1852,0,0
1853,0,0
1854,0,0
1855,0,0
1856,0,0
1857,0,0
1858,0,0
1859,0,0
1860,0,0
1861,0,0
1862,0,0
1863,0,0
1864,0,0
1865,0,0
1866,0,0
1867,0,0
1868,0,0
1869,0,0
1870,0,0
1871,0,0
1872,0,0
1873,0,0
1874,0,0
1875,0,0
1876,0,0
1877,0,0
1878,0,0
1879,0,0
1880,0,0
1881,0,0
1882,0,0
1883,0,0
1884,0,0
1885,0,0
1886,0,0
1887,0,0
1888,0,0
1889,0,0
1890,0,0
1891,0,0
1892,0,0
1893,0,0
1894,0,0
1895,0,0
1896,0,0
1897,0,0
1898,0,0
1899,0,0
1900,0,0
1901,0,0
1902,0,0
1903,0,0
1904,0,0
1905,0,0
1906,0,0
1907,0,0
1908,0,0
1909,0,0
1910,0,0
1911,0,0
1912,0,0
1913,0,0
1914,0,0
1915,0,0
1916,0,0
1917,0,0
1918,0,0
1919,0,0
1920,0,0
1921,0,0
1922,0,0
1923,0,0
1924,0,0
1925,0,0
1926,0,0
1927,0,0
1928,0,0
1929,0,0
1930,0,0
1931,0,0
1932,0,0
1933,0,0
1934,0,0
1935,0,0
1936,0,0
1937,0,0
1938,0,0
1939,0,0
1940,0,0
1941,0,0
1942,0,0
1943,0,0
1944,0,0
1945,0,0
1946,0,0
1947,0,0
1948,0,0
1949,0,0
1950,0,0
1951,0,0
1952,0,0
1953,0,0
1954,0,0
1955,0,0
1956,0,0
1957,0,0
1958,0,0
1959,0,0
1960,0,0
1961,0,0
1962,0,0
1963,0,0
1964,0,0
1965,0,0
1966,0,0
1967,0,0
1968,0,0
1969,0,0
1970,0,0
1971,0,0
1972,0,0
1973,0,0
1974,0,0
1975,0,0
1976,0,0
1977,0,0
1978,0,0
1979,0,0
1980,0,0
1981,0,0
1982,0,0
1983,0,0
1984,0,0
1985,0,0
1986,0,0
1987,0,0
1988,0,0
1989,0,0
1990,0,0
1991,0,0
1992,0,0
1993,0,0
1994,0,0
1995,0,0
1996,0,0
1997,0,0
1998,0,0
1999,0,0
2000,0,0
2001,0,0
2002,0,0
2003,0,0
2004,0,0
2005,0,0
2006,0,0
2007,0,0
2008,0,0
2009,0,0
2010,0,0
2011,0,0
2012,0,0
2013,0,0
2014,0,0
2015,0,0
2016,0,0
2017,0,0
2018,0,0
2019,0,0
2020,0,0
2021,0,0
2022,0,0
2023,0,0
2024,0,0
2025,0,0
2026,0,0
2027,0,0
2028,0,0
2029,0,0
2030,0,0
2031,0,0
2032,0,0
2033,0,0
2034,0,0
2035,0,0
2036,0,0
2037,0,0
2038,0,0
2039,0,0
2040,0,0
2041,0,0
2042,0,0
2043,0,0
2044,0,0
2045,0,0
2046,0,0
2047,0,0
2048,0,0
2049,0,0
2050,0,0
2051,0,0
2052,0,0
2053,0,0
2054,0,0
2055,0,0
2056,0,0
2057,0,0
2058,0,0
2059,0,0
2060,0,0
2061,0,0
2062,0,0
2063,0,0
2064,0,0
2065,0,0
2066,0,0
2067,0,0
2068,0,0
2069,0,0
2070,0,0
2071,0,0
2072,0,0
2073,0,0
2074,0,0
2075,0,0
2076,0,0
2077,0,0
2078,0,0
2079,0,0
2080,0,0
2081,0,0
2082,0,0
2083,0,0
2084,0,0
2085,0,0
2086,0,0
2087,0,0
2088,0,0
2089,0,0
2090,0,0
2091,0,0
2092,0,0
2093,0,0
2094,0,0
2095,0,0
2096,0,0
2097,0,0
2098,0,0
2099,0,0
2100,0,0
2101,0,0
2102,0,0
2103,0,0
2104,0,0
2105,0,0
2106,0,0
2107,0,0
2108,0,0
2109,0,0
2110,0,0
2111,0,0
2112,0,0
2113,0,0
2114,0,0
2115,0,0
2116,0,0
2117,0,0
2118,0,0
2119,0,0
2120,0,0
2121,0,0
2122,0,0
2123,0,0
2124,0,0
2125,0,0
2126,0,0
2127,0,0
2128,0,0
2129,0,0
2130,0,0
2131,0,0
2132,0,0
2133,0,0
2134,0,0
2135,0,0
2136,0,0
2137,0,0
2138,0,0
2139,0,0
2140,0,0
2141,0,0
2142,0,0
2143,0,0
2144,0,0
2145,0,0
2146,0,0
2147,0,0
2148,0,0
2149,0,0
2150,0,0
2151,0,0
2152,0,0
2153,0,0
2154,0,0
2155,0,0
2156,0,0
2157,0,0
2158,0,0
2159,0,0
2160,0,0
2161,0,0
2162,36,160
2163,36,159
2164,32,156
2165,31,155
2166,29,151
2167,26,135
2168,26,135
2169,27,185
2170,34,196
2171,26,135
2172,26,135
2173,26,135
2174,26,135
2175,26,135
2176,26,135
2177,26,135
2178,26,135
2179,26,135
2180,26,135
2181,26,135
2182,26,135
2183,26,135
2184,26,135
2185,26,135
2186,26,135
2187,26,135
2188,26,135
2189,26,135
2190,26,135
2191,26,135
2192,26,135
2193,26,135
2194,26,135
2195,26,135
2196,26,135
2197,26,135
2198,26,135
2199,26,135
2200,26,135
2201,26,135
2202,26,135
2203,26,135
2204,26,135
2205,26,135
2206,26,135
2207,26,135
2208,27,184
2209,32,191
2210,32,191
2211,32,191
2212,32,191
2213,32,191
2214,31,190
2215,23,130
2216,23,130
2217,23,130
2218,23,130
2219,23,130
2220,23,130
2221,23,130
2222,23,130
2223,23,130
2224,23,130
2225,23,130
2226,23,130
2227,23,130
2228,23,130
2229,23,130
2230,23,130
2231,23,130
2232,23,130
2233,23,130
2234,23,130
2235,23,130
2236,23,130
2237,23,130
2238,23,130
2239,23,130
2240,23,130
2241,23,130
2242,23,130
2243,23,130
2244,23,130
2245,23,130
2246,23,130
2247,23,130
2248,24,181
2249,29,188
2250,29,188
2251,29,188
2252,29,188
2253,29,188
2254,29,188
2255,29,188
2256,29,188
2257,28,187
2258,20,126
2259,20,126
2260,20,126
2261,20,126
2262,20,126
2263,20,126
2264,20,126
2265,20,126
2266,20,126
2267,20,126
2268,20,126
2269,20,126
2270,20,126
2271,20,126
2272,20,126
2273,20,126
2274,20,126
2275,20,126
2276,20,126
2277,20,126
2278,20,126
2279,20,126
2280,20,126
2281,20,126
2282,20,126
2283,20,126
2284,20,126
2285,20,126
2286,20,126
2287,20,126
2288,21,177
2289,26,184
2290,26,184
2291,26,184
2292,26,184
2293,26,184
2294,26,184
2295,26,184
2296,26,184
2297,26,184
2298,26,184
2299,26,184
2300,26,184
2301,25,183
2302,17,123
2303,17,123
2304,17,123
2305,17,123
2306,17,123
2307,17,123
2308,17,123
2309,17,123
2310,17,123
2311,17,123
2312,17,123
2313,17,123
2314,17,123
2315,17,123
2316,17,123
2317,17,123
2318,17,123
2319,17,123
2320,17,123
2321,17,123
2322,17,123
2323,17,123
2324,17,123
2325,17,123
2326,17,123
2327,17,123
2328,18,174
2329,23,181
2330,23,181
2331,23,181
2332,23,181
2333,23,181
2334,23,181
2335,23,181
2336,23,181
2337,23,181
2338,23,181
2339,23,181
2340,23,181
2341,23,181
2342,23,181
2343,23,181
2344,22,180
2345,17,123
2346,17,123
2347,17,123
2348,17,123
2349,17,123
2350,17,123
2351,17,123
2352,17,123
2353,17,123
2354,17,123
2355,17,123
2356,17,123
2357,17,123
2358,17,123
2359,17,123
2360,17,123
2361,17,123
2362,17,123
2363,17,123
2364,17,123
2365,17,123
2366,17,123
2367,17,123
2368,17,123
2369,17,123
2370,17,123
2371,17,123
2372,18,173
2373,36,160
2374,36,159
2375,32,156
2376,31,155
2377,29,150
2378,26,135
2379,27,185
2380,34,196
2381,26,135
2382,26,135
2383,26,135
2384,26,135
2385,26,135
2386,26,135
2387,26,135
2388,26,135
2389,26,135
2390,26,135
2391,26,135
2392,26,135
2393,26,135
2394,26,135
2395,26,135
2396,26,135
2397,26,135
2398,26,135
2399,26,135
2400,26,135
2401,26,135
2402,26,135
2403,26,135
2404,26,135
2405,26,135
2406,26,135
2407,26,135
2408,26,135
2409,26,135
2410,26,135
2411,26,135
2412,26,135
2413,26,135
2414,26,135
2415,26,135
2416,26,135
2417,26,135
2418,27,184
2419,32,191
2420,32,191
2421,32,191
2422,32,191
2423,32,191
2424,31,190
2425,23,130
2426,23,130
2427,23,130
2428,23,130
2429,23,130
2430,23,130
2431,23,130
2432,23,130
2433,23,130
2434,23,130
2435,23,130
2436,23,130
2437,23,130
2438,23,130
2439,23,130
2440,23,130
2441,23,130
2442,23,130
2443,23,130
2444,23,130
2445,23,130
2446,23,130
2447,23,130
2448,23,130
2449,23,130
2450,23,130
2451,23,130
2452,23,130
2453,23,130
2454,23,130
2455,23,130
2456,23,130
2457,23,130
2458,24,181
2459,29,188
2460,29,188
2461,29,188
2462,29,188
2463,29,188
2464,29,188
2465,29,188
2466,29,188
2467,28,187
2468,20,126
2469,20,126
2470,20,126
2471,20,126
2472,20,126
2473,20,126
2474,20,126
2475,20,126
2476,20,126
2477,20,126
2478,20,126
2479,20,126
2480,20,126
2481,20,126
2482,20,126
2483,20,126
2484,20,126
2485,20,126
2486,20,126
2487,20,126
2488,20,126
2489,20,126
2490,20,126
2491,20,126
2492,20,126
2493,20,126
2494,20,126
2495,20,126
2496,20,126
2497,20,126
2498,21,177
2499,26,184
2500,26,184
2501,26,184
2502,26,184
2503,26,184
2504,26,184
2505,26,184
2506,26,184
2507,26,184
2508,26,184
2509,26,184
2510,26,184
2511,25,183
2512,17,123
2513,17,123
2514,17,123
2515,17,123
2516,17,123
2517,17,123
2518,17,123
2519,17,123
2520,17,123
2521,17,123
2522,17,123
2523,17,123
2524,17,123
2525,17,123
2526,17,123
2527,17,123
2528,17,123
2529,17,123
2530,17,123
2531,17,123
2532,17,123
2533,17,123
2534,17,123
2535,17,123
2536,17,123
2537,17,123
2538,18,174
2539,23,182
2540,23,182
2541,23,182
2542,23,182
2543,23,182
2544,23,182
2545,23,182
2546,23,182
2547,23,182
2548,23,182
2549,23,182
2550,23,182
2551,23,182
2552,23,182
2553,22,181
2554,17,124
2555,17,124
2556,17,124
2557,17,124
2558,17,124
2559,17,124
2560,17,124
2561,17,124
2562,17,124
2563,17,124
2564,17,124
2565,17,124
2566,17,124
2567,17,124
2568,17,124
2569,17,124
2570,17,124
2571,17,124
2572,17,124
2573,17,124
2574,17,124
2575,17,124
2576,17,124
2577,17,124
2578,17,124
2579,17,124
2580,17,124
2581,18,173
2582,36,160
2583,36,159
2584,32,156
2585,31,155
2586,29,150
2587,26,135
2588,27,185
2589,34,196
2590,26,135
2591,26,135
2592,26,135
2593,26,135
2594,26,135
2595,26,135
2596,26,135
2597,26,135
2598,26,135
2599,26,135
2600,26,135
2601,26,135
2602,26,135
2603,26,135
2604,26,135
2605,26,135
2606,26,135
2607,26,135
2608,26,135
2609,26,135
2610,26,135
2611,26,135
2612,26,135
2613,26,135
2614,26,135
2615,26,135
2616,26,135
2617,26,135
2618,26,135
2619,26,135
2620,26,135
2621,26,135
2622,26,135
2623,26,135
2624,26,135
2625,26,135
2626,26,135
2627,27,184
2628,32,191
2629,32,191
2630,32,191
2631,32,191
2632,32,191
2633,31,190
2634,23,130
2635,23,130
2636,23,130
2637,23,130
2638,23,130
2639,23,130
2640,23,130
2641,23,130
2642,23,130
2643,23,130
2644,23,130
2645,23,130
2646,23,130
2647,23,130
2648,23,130
2649,23,130
2650,23,130
2651,23,130
2652,23,130
2653,23,130
2654,23,130
2655,23,130
2656,23,130
2657,23,130
2658,23,130
2659,23,130
2660,23,130
2661,23,130
2662,23,130
2663,23,130
2664,23,130
2665,23,130
2666,23,130
2667,24,181
2668,29,189
2669,29,189
2670,29,189
2671,29,189
2672,29,189
2673,29,189
2674,29,189
2675,28,188
2676,20,127
2677,20,127
2678,20,127
2679,20,127
2680,20,127
2681,20,127
2682,20,127
2683,20,127
2684,20,127
2685,20,127
2686,20,127
2687,20,127
2688,20,127
2689,20,127
2690,20,127
2691,20,127
2692,20,127
2693,20,127
2694,20,127
2695,20,127
2696,20,127
2697,20,127
2698,20,127
2699,20,127
2700,20,127
2701,20,127
2702,20,127
2703,20,127
2704,20,127
2705,20,127
2706,21,177
2707,26,184
2708,26,184
2709,26,184
2710,26,184
2711,26,184
2712,26,184
2713,26,184
2714,26,184
2715,26,184
2716,26,184
2717,26,184
2718,26,184
2719,25,183
2720,17,123
2721,17,123
2722,17,123
2723,17,123
2724,17,123
2725,17,123
2726,17,123
2727,17,123
2728,17,123
2729,17,123
2730,17,123
2731,17,123
2732,17,123
2733,17,123
2734,17,123
2735,17,123
2736,17,123
2737,17,123
2738,17,123
2739,17,123
2740,17,123
2741,17,123
2742,17,123
2743,17,123
2744,17,123
2745,17,123
2746,18,174
2747,23,182
2748,23,182
2749,23,182
2750,23,182
2751,23,182
2752,23,182
2753,23,182
2754,23,182
2755,23,182
2756,23,182
2757,23,182
2758,23,182
2759,23,182
2760,23,182
2761,22,181
2762,17,124
2763,17,124
2764,17,124
2765,17,124
2766,17,124
2767,17,124
2768,17,124
2769,17,124
2770,17,124
2771,17,124
2772,17,124
2773,17,124
2774,17,124
2775,17,124
2776,17,124
2777,17,124
2778,17,124
2779,17,124
2780,17,124
2781,17,124
2782,17,124
2783,17,124
2784,17,124
2785,17,124
2786,17,124
2787,17,124
2788,17,124
2789,18,173
2790,17,149
2791,16,148
2792,12,145
2793,11,144
2794,10,139
2795,7,124
2796,7,124
2797,7,124
2798,8,185
2799,13,193
2800,13,192
2801,12,131
2802,12,131
2803,12,131
2804,12,131
2805,12,131
2806,12,131
2807,12,131
2808,12,131
2809,12,131
2810,12,131
2811,12,131
2812,12,131
2813,12,131
2814,12,131
2815,12,131
2816,12,131
2817,12,131
2818,12,131
2819,12,131
2820,12,131
2821,12,131
2822,12,131
2823,12,131
2824,12,131
2825,12,131
2826,12,131
2827,12,131
2828,12,131
2829,12,131
2830,12,131
2831,12,131
2832,12,131
2833,12,131
2834,12,131
2835,12,131
2836,12,131
2837,12,131
2838,12,131
2839,12,131
2840,12,131
2841,12,131
2842,12,131
2843,12,131
2844,12,131
2845,12,131
2846,12,131
2847,12,131
2848,12,131
2849,12,131
2850,13,184
2851,13,185
2852,13,185
2853,13,185
2854,13,185
2855,13,185
2856,13,185
2857,13,185
2858,13,185
2859,13,185
2860,12,184
2861,7,124
2862,7,124
2863,7,124
2864,7,124
2865,7,124
2866,7,124
2867,7,124
2868,7,124
2869,7,124
2870,7,124
2871,7,124
2872,7,124
2873,7,124
2874,7,124
2875,7,124
2876,7,124
2877,7,124
2878,7,124
2879,7,124
2880,7,124
2881,7,124
2882,7,124
2883,7,124
2884,7,124
2885,7,124
2886,7,124
2887,7,124
2888,7,124
2889,7,124
2890,7,124
2891,7,124
2892,7,124
2893,7,124
2894,7,124
2895,7,124
2896,7,124
2897,7,124
2898,7,124
2899,7,124
2900,8,181
2901,13,189
2902,13,189
2903,13,189
2904,13,189
2905,13,189
2906,13,188
2907,12,127
2908,12,127
2909,12,127
2910,12,127
2911,12,127
2912,12,127
2913,12,127
2914,12,127
2915,12,127
2916,12,127
2917,12,127
2918,12,127
2919,12,127
2920,12,127
2921,12,127
2922,12,127
2923,12,127
2924,12,127
2925,12,127
2926,12,127
2927,12,127
2928,12,127
2929,12,127
2930,12,127
2931,12,127
2932,12,127
2933,12,127
2934,12,127
2935,12,127
2936,12,127
2937,12,127
2938,12,127
2939,12,127
2940,12,127
2941,12,127
2942,12,127
2943,12,127
2944,12,127
2945,12,127
2946,12,127
2947,12,127
2948,12,127
2949,13,177
2950,13,178
2951,13,178
2952,13,178
2953,13,178
2954,13,178
2955,13,178
2956,13,178
2957,13,178
2958,13,178
2959,13,178
2960,13,178
2961,13,178
2962,13,178
2963,13,178
2964,13,178
2965,13,178
2966,12,177
2967,7,117
2968,7,117
2969,7,117
2970,7,117
2971,7,117
2972,7,117
2973,7,117
2974,7,117
2975,7,117
2976,7,117
2977,7,117
2978,7,117
2979,7,117
2980,7,117
2981,7,117
2982,7,117
2983,7,117
2984,7,117
2985,7,117
2986,7,117
2987,7,117
2988,7,117
2989,7,117
2990,7,117
2991,7,117
2992,7,117
2993,7,117
2994,7,117
2995,7,117
2996,7,117
2997,7,117
2998,7,117
2999,8,174
3000,13,182
3001,13,182
3002,13,182
3003,13,182
3004,13,182
3005,13,182
3006,13,182
3007,13,182
3008,13,182
3009,13,182
3010,13,182
3011,13,182
3012,13,181
3013,12,124
3014,12,124
3015,12,124
3016,12,124
3017,12,124
3018,12,124
3019,12,124
3020,12,124
3021,12,124
3022,12,124
3023,12,124
3024,12,124
3025,12,124
3026,12,124
3027,12,124
3028,12,124
3029,12,124
3030,12,124
3031,12,124
3032,12,124
3033,12,124
3034,12,124
3035,12,124
3036,12,124
3037,12,124
3038,12,124
3039,12,124
3040,12,124
3041,12,124
3042,12,124
3043,12,124
3044,12,124
3045,12,124
3046,12,124
3047,13,173
3048,155,168
3049,160,169
3050,183,194
3051,105,109
3052,183,186
3053,50,44
3054,111,105
3055,173,164
3056,162,154
3057,189,177
3058,158,140
3059,163,153
3060,155,144
3061,167,151
3062,171,166
3063,132,136
3064,165,163
3065,174,166
3066,151,140
3067,177,187
3068,150,164
3069,134,151
3070,149,147
3071,178,169
3072,208,196
3073,159,153
3074,145,153
3075,149,162
3076,171,188
3077,164,183
3078,62,58
3079,90,98
3080,9,23
3081,35,69
3082,134,123
3083,164,147
3084,150,139
3085,190,175
3086,209,189
3087,175,160
3088,148,147
3089,187,186
3090,141,144
3091,73,72
3092,180,171
3093,101,120
3094,163,163
3095,184,190
3096,164,168
3097,166,191
3098,168,195
3099,170,199
3100,168,197
3101,168,196
3102,167,198
3103,156,195
3104,73,72
3105,177,182
3106,175,193
3107,175,181
3108,164,166
3109,152,159
3110,186,191
3111,168,174
3112,186,193
3113,150,156
3114,171,183
3115,119,113
3116,191,197
3117,144,157
3118,186,196
3119,155,168
3120,136,143
3121,42,38
3122,59,62
3123,142,157
3124,160,173
3125,160,170
3126,155,165
3127,72,64
3128,19,15
3129,106,102
3130,140,136
3131,55,50
3132,129,135
3133,109,117
3134,150,161
3135,215,194
3136,179,157
3137,161,161
3138,194,194
3139,181,186
3140,105,113
3141,156,161
3142,124,135
3143,60,60
3144,107,108
3145,130,120
3146,168,155
3147,156,148
3148,162,157
3149,141,137
3150,134,127
3151,109,101
3152,101,115
3153,78,103
3154,117,120
3155,133,151
3156,113,135
3157,78,78
3158,166,161
3159,206,190
3160,181,187
3161,170,187
3162,118,148
3163,201,198
3164,203,199
3165,203,199
3166,169,192
3167,188,184
3168,81,65
3169,190,170
3170,201,186
3171,170,177
3172,162,171
3173,129,138
3174,114,139
3175,134,151
3176,132,150
3177,88,89
3178,172,177
3179,192,194
3180,144,146
3181,145,153
3182,153,141
3183,151,159
3184,173,174
3185,100,107
3186,55,58
3187,8,72
3188,51,56
3189,110,183
3190,48,43
3191,155,157
3192,190,194
3193,182,178
3194,200,194
3195,79,77
3196,200,188
3197,161,161
3198,197,193
3199,172,178
3200,190,172
3201,128,119
3202,184,169
3203,188,176
3204,188,179
3205,199,187
3206,172,163
3207,106,98
3208,129,127
3209,124,116
3210,69,76
3211,189,162
3212,95,84
3213,179,171
3214,195,191
3215,186,195
3216,167,166
3217,175,182
3218,187,183
3219,190,173
3220,194,189
3221,172,175
3222,166,167
3223,143,158
3224,165,180
3225,179,187
3226,86,102
3227,73,98
3228,114,152
3229,111,144
3230,114,141
3231,108,138
3232,83,67
3233,177,172
3234,174,186
3235,167,176
3236,143,152
3237,137,145
3238,178,184
3239,181,185
3240,170,173
3241,150,166
3242,141,157
3243,173,174
3244,210,199
3245,203,197
3246,188,187
3247,134,154
3248,172,192
3249,162,176
3250,101,89
3251,146,142
3252,210,180
3253,174,148
3254,181,154
3255,111,97
3256,4,2
3257,112,125
3258,99,99
3259,168,148
3260,160,140
3261,105,110
3262,25,25
3263,151,133
3264,168,181
3265,142,169
3266,92,82
3267,148,148
3268,89,85
3269,135,139
3270,128,132
3271,181,166
3272,58,80
3273,170,155
3274,206,196
3275,138,138
3276,105,105
3277,153,161
3278,84,104
3279,169,193
3280,179,189
3281,159,160
3282,28,27
3283,105,103
3284,179,171
3285,186,182
3286,162,166
3287,128,132
3288,52,53
3289,42,56
3290,92,119
3291,99,112
3292,146,165
3293,74,96
3294,178,183
3295,157,152
3296,168,191
3297,140,170
3298,82,79
3299,140,147
3300,147,158
3301,121,155
3302,148,183
3303,178,185
3304,186,193
3305,191,192
3306,125,124
3307,194,190
3308,208,198
3309,182,175
3310,15,105
3311,0,0
3312,149,187
3313,17,104
3314,148,171
3315,179,189
3316,198,182
3317,190,178
3318,188,167
3319,180,170
3320,186,186
3321,193,180
3322,215,188
3323,195,170
3324,196,170
3325,193,178
3326,138,154
3327,199,197
3328,161,172
3329,160,186
3330,203,191
3331,173,173
3332,131,153
3333,219,191
3334,173,158
3335,177,177
3336,173,189
3337,149,161
3338,156,172
3339,141,136
3340,209,195
3341,149,133
3342,205,188
3343,180,189
3344,161,177
3345,212,182
3346,190,180
3347,194,187
3348,206,195
3349,197,193
3350,169,172
3351,179,170
3352,199,190
3353,193,178
3354,153,148
3355,161,167
3356,152,166
3357,151,180
3358,153,186
3359,145,166
3360,155,158
3361,170,181
3362,186,192
3363,168,173
3364,200,198
3365,150,168
3366,173,183
3367,141,169
3368,165,155
3369,209,192
3370,211,189
3371,178,160
3372,165,165
3373,141,142
3374,152,156
3375,176,152
3376,217,178
3377,181,146
3378,146,176
3379,148,182
3380,142,173
3381,190,192
3382,133,145
3383,121,137
3384,158,165
3385,124,116
3386,8,123
3387,0,0
3388,57,128
3389,88,119
3390,57,128
3391,71,127
3392,125,118
3393,89,112
3394,212,189
3395,193,177
3396,199,194
3397,181,176
3398,80,78
3399,200,186
3400,181,172
3401,172,172
3402,183,164
3403,150,142
3404,160,153
3405,125,127
3406,86,90
3407,204,187
3408,124,114
3409,93,88
3410,195,194
3411,178,188
3412,126,136
3413,76,80
3414,139,145
3415,200,189
3416,160,162
3417,175,176
3418,161,158
3419,155,157
3420,226,198
3421,75,74
3422,154,153
3423,82,105
3424,103,98
3425,152,131
3426,166,161
3427,212,190
3428,170,173
3429,143,163
3430,114,112
3431,153,153
3432,145,141
3433,128,123
3434,125,118
3435,89,112
3436,15,16
3437,9,111
3438,77,77
3439,87,187
3440,121,168
3441,89,187
3442,37,94
3443,2,2
3444,9,184
3445,0,0
3446,19,182
3447,152,147
3448,48,163
3449,175,188
3450,177,186
3451,179,194
3452,173,183
3453,144,145
3454,167,149
3455,69,73
3456,134,134
3457,187,185
3458,163,163
3459,89,113
3460,174,172
3461,172,167
3462,42,40
3463,164,155
3464,59,80
3465,37,27
3466,200,192
3467,143,152
3468,2,2
3469,9,68
3470,72,115
3471,59,80
3472,63,54
3473,37,36
3474,123,97
3475,151,139
3476,122,117
3477,207,180
3478,109,104
3479,124,130
3480,95,90
3481,111,101
3482,173,155
3483,35,33
3484,119,139
3485,113,139
3486,110,138
3487,112,138
3488,113,142
3489,118,148
3490,119,152
3491,127,156
3492,127,159
3493,128,155
3494,118,147
3495,112,142
3496,106,142
3497,111,141
3498,56,51
3499,212,196
3500,214,196
3501,109,116
3502,144,143
3503,197,187
3504,189,175
3505,172,168
3506,185,170
3507,190,178
3508,148,136
3509,165,170
3510,141,147
3511,155,166
3512,193,182
3513,180,166
3514,151,148
3515,174,169
3516,169,162
3517,187,179
3518,206,194
3519,206,194
3520,192,194
3521,174,170
3522,190,191
3523,191,194
3524,173,181
3525,187,183
3526,131,124
3527,109,107
3528,196,195
3529,171,176
3530,179,186
3531,187,181
3532,201,191
3533,177,166
3534,165,157
3535,174,166
3536,120,112
3537,181,176
3538,182,175
3539,195,191
3540,151,146
3541,187,189
3542,169,174
3543,180,186
3544,185,188
3545,164,162
3546,81,89
3547,185,171
3548,220,195
3549,209,195
3550,200,174
3551,206,188
3552,156,169
3553,172,167
3554,192,179
3555,197,185
3556,177,171
3557,168,160
3558,220,183
3559,180,175
3560,180,177
3561,166,190
3562,120,145
3563,198,169
3564,12,114
3565,0,0
3566,96,187
3567,16,109
3568,97,182
3569,2,2
3570,9,166
3571,0,0
3572,20,164
3573,118,121
3574,90,121
3575,83,121
3576,148,177
3577,135,174
3578,119,112
3579,166,177
3580,95,140
3581,22,17
3582,207,195
3583,6,101
3584,0,0
3585,69,173
3586,83,164
3587,116,162
3588,131,126
3589,14,100
3590,0,0
3591,186,192
3592,137,193
3593,91,102
3594,148,151
3595,187,189
3596,178,170
3597,144,132
3598,168,156
3599,188,176
3600,121,126
3601,206,192
3602,202,190
3603,172,167
3604,191,187
3605,194,190
3606,143,130
3607,168,171
3608,174,177
3609,192,196
3610,112,91
3611,174,169
3612,111,114
3613,177,183
3614,185,192
3615,173,175
3616,98,90
3617,190,184
3618,196,186
3619,203,192
3620,192,178
3621,179,177
3622,168,170
3623,185,183
3624,169,158
3625,184,178
3626,155,161
3627,180,186
3628,189,191
3629,209,197
3630,193,185
3631,192,188
3632,137,140
3633,181,190
3634,182,187
3635,181,186
3636,159,163
3637,179,185
3638,161,167
3639,135,139
3640,186,178
3641,181,178
3642,182,178
3643,179,176
3644,173,169
3645,203,186
3646,193,174
3647,189,168
3648,90,107
3649,0,0
3650,9,122
3651,27,114
3652,235,193
3653,22,70
3654,38,62
3655,73,124
3656,70,129
3657,69,135
3658,46,144
3659,32,146
3660,41,139
3661,78,130
3662,80,135
3663,44,146
3664,36,144
3665,204,179
3666,218,191
3667,184,150
3668,212,173
3669,228,195
3670,213,183
3671,220,191
3672,194,174
3673,67,53
3674,178,176
3675,189,189
3676,67,53
3677,178,176
3678,189,189
3679,158,155
3680,134,141
3681,150,167
3682,132,147
3683,197,191
3684,205,196
3685,203,197
3686,202,197
3687,142,132
3688,112,123
3689,187,194
3690,121,119
3691,148,144
3692,208,185
3693,134,127
3694,203,194
3695,175,189
3696,149,161
3697,165,168
3698,182,196
3699,159,168
3700,106,116
3701,100,103
3702,137,153
3703,137,145
3704,17,16
3705,12,16
3706,136,116
3707,172,154
3708,131,124
3709,62,60
3710,84,80
3711,192,178
3712,147,139
3713,170,166
3714,186,174
3715,228,199
3716,203,180
3717,210,192
3718,155,143
3719,139,125
3720,193,172
3721,145,147
3722,182,169
3723,147,135
3724,174,180
3725,177,181
3726,199,188
3727,160,151
3728,163,160
3729,42,43
3730,48,76
3731,175,184
3732,142,136
3733,96,104
3734,182,172
3735,185,183
3736,193,193
3737,27,83
3738,48,69
3739,113,143
3740,101,151
3741,80,146
3742,212,182
3743,81,131
3744,93,133
3745,63,66
3746,139,157
3747,180,192
3748,135,123
3749,189,177
3750,99,111
3751,193,195
3752,195,198
3753,194,198
3754,189,196
3755,182,190
3756,68,84
3757,136,169
3758,138,162
3759,117,119
3760,162,178
3761,213,179
3762,223,188
3763,228,194
3764,212,187
3765,208,188
3766,203,187
3767,182,190
3768,179,187
3769,58,110
3770,56,108
3771,109,114
3772,151,189
3773,213,179
3774,205,179
3775,201,183
3776,204,193
3777,192,183
3778,207,197
3779,169,164
3780,160,150
3781,168,158
3782,210,177
3783,214,188
3784,215,190
3785,185,163
3786,155,155
3787,88,75
3788,145,151
3789,157,165
3790,183,189
3791,150,162
3792,159,171
3793,76,78
3794,23,57
3795,92,122
3796,157,161
3797,158,154
3798,214,196
3799,183,186
3800,131,144
3801,164,158
3802,169,179
3803,19,17
3804,9,68
3805,88,103
3806,195,180
3807,121,127
3808,15,16
3809,129,151
3810,146,156
3811,164,177
3812,150,166
3813,83,95
3814,196,181
3815,203,181
3816,205,185
3817,203,183
3818,196,182
3819,171,167
3820,152,161
3821,147,149
3822,109,130
3823,116,129
3824,203,192
3825,192,190
3826,159,159
3827,111,131
3828,106,123
3829,179,166
3830,177,178
3831,180,186
3832,165,180
3833,177,194
3834,127,126
3835,71,108
3836,106,131
3837,88,132
3838,95,130
3839,82,137
3840,83,143
3841,100,133
3842,79,144
3843,71,153
3844,82,146
3845,97,144
3846,55,56
3847,46,44
3848,58,76
3849,206,192
3850,206,191
3851,205,189
3852,200,184
3853,198,182
3854,194,195
3855,158,158
3856,170,174
3857,184,177
3858,183,179
3859,181,184
3860,175,175
3861,163,165
3862,168,173
3863,123,124
3864,165,163
3865,187,184
3866,190,184
3867,155,134
3868,131,143
3869,188,184
3870,129,134
3871,113,129
3872,113,101
3873,183,172
3874,180,174
3875,127,115
3876,198,197
3877,158,146
3878,179,169
3879,173,169
3880,94,98
3881,60,60
3882,197,192
3883,177,178
3884,184,183
3885,179,174
3886,178,167
3887,144,134
3888,200,193
3889,127,136
3890,15,15
3891,200,190
3892,158,162
3893,172,166
3894,128,135
3895,142,150
3896,159,179
3897,164,176
3898,160,180
3899,162,178
3900,172,185
3901,103,106
3902,137,146
3903,96,96
3904,17,110
3905,0,0
3906,132,166
3907,175,175
3908,61,56
3909,154,160
3910,176,183
3911,230,194
3912,210,184
3913,183,169
3914,130,117
3915,174,174
3916,59,67
3917,201,195
3918,204,198
3919,111,106
3920,55,106
3921,89,88
3922,110,141
3923,107,104
3924,145,165
3925,167,157
3926,203,185
3927,217,184
3928,211,187
3929,182,176
3930,51,49
3931,169,181
3932,48,43
3933,62,58
3934,140,169
3935,151,182
3936,153,183
3937,144,156
3938,129,107
3939,204,195
3940,169,167
3941,189,190
3942,186,169
3943,217,194
3944,198,170
3945,186,186
3946,113,113
3947,133,143
3948,171,168
3949,174,174
3950,104,113
3951,180,185
3952,171,186
3953,196,187
3954,193,195
3955,177,180
3956,192,187
3957,141,134
3958,145,149
3959,168,181
3960,149,167
3961,168,170
3962,194,194
3963,187,190
3964,171,173
3965,209,195
3966,130,132
3967,199,188
3968,174,196
3969,175,196
3970,147,167
3971,175,195
3972,168,189
3973,155,183
3974,160,151
3975,123,129
3976,78,78
3977,76,70
3978,0,0
3979,31,102
3980,197,192
3981,182,173
3982,186,177
3983,190,192
3984,185,189
3985,172,180
3986,174,184
3987,155,171
3988,107,115
3989,186,189
3990,126,129
3991,176,186
3992,173,175
3993,143,145
3994,135,151
3995,36,92
3996,45,88
3997,62,136
3998,53,146
3999,83,78
4000,187,193
4001,174,184
4002,178,191
4003,176,192
4004,69,69
4005,91,124
4006,80,85
4007,166,171
4008,139,131
4009,57,74
4010,34,86
4011,77,170
4012,88,169
4013,137,133
4014,149,136
4015,192,181
4016,198,189
4017,170,171
4018,199,197
4019,198,194
4020,201,196
4021,81,83
4022,15,15
4023,140,150
4024,128,123
4025,178,174
4026,177,177
4027,181,183
4028,186,187
4029,166,167
4030,205,195
4031,203,194
4032,205,195
4033,211,197
4034,212,196
4035,210,194
4036,212,197
4037,169,176
4038,192,193
4039,171,186
4040,171,171
4041,106,138
4042,190,189
4043,202,192
4044,149,136
4045,196,190
4046,160,166
4047,119,130
4048,110,106
4049,173,179
4050,183,190
4051,198,194
4052,197,190
4053,199,192
4054,190,180
4055,207,188
4056,205,181
4057,149,152
4058,129,147
4059,174,187
4060,164,176
4061,114,103
4062,187,173
4063,192,168
4064,212,185
4065,142,137
4066,158,188
4067,157,156
4068,195,197
4069,166,160
4070,201,195
4071,102,100
4072,174,170
4073,188,181
4074,152,155
4075,194,195
4076,137,145
4077,114,139
4078,112,138
4079,112,138
4080,112,138
4081,114,141
4082,193,181
4083,182,182
4084,205,189
4085,166,161
4086,188,173
4087,207,187
4088,192,179
4089,176,185
4090,141,156
4091,186,186
4092,184,186
4093,129,142
4094,156,165
4095,186,177
4096,205,193
4097,182,176
4098,181,177
4099,167,164
4100,182,181
4101,144,152
4102,142,150
4103,123,119
4104,190,194
4105,170,174
4106,193,197
4107,150,149
4108,197,195
4109,197,195
4110,145,142
4111,123,144
4112,77,97
4113,135,168
4114,142,162
4115,191,191
4116,187,187
4117,147,145
4118,170,168
4119,141,162
4120,26,92
4121,0,0
4122,77,81
4123,42,111
4124,177,180
4125,150,150
4126,135,145
4127,203,189
4128,40,39
4129,73,74
4130,13,106
4131,0,0
4132,177,173
4133,174,176
4134,169,176
4135,174,178
4136,191,195
4137,196,197
4138,196,197
4139,96,98
4140,25,25
4141,10,98
4142,94,86
4143,125,167
4144,80,155
4145,115,117
4146,153,158
4147,195,184
4148,204,197
4149,153,148
4150,149,143
4151,202,195
4152,161,182
4153,95,102
4154,161,181
4155,179,195
4156,189,177
4157,200,192
4158,80,77
4159,198,190
4160,194,189
4161,204,195
4162,160,152
4163,186,182
4164,142,171
4165,139,174
4166,138,167
4167,160,154
4168,59,53
4169,195,172
4170,183,177
4171,188,179
4172,175,171
4173,173,156
4174,205,186
4175,186,174
4176,177,172
4177,159,172
4178,180,178
4179,196,190
4180,129,109
4181,162,154
4182,135,126
4183,146,154
4184,197,193
4185,111,109
4186,127,135
4187,67,67
4188,119,112
4189,102,135
4190,12,16
4191,80,170
4192,128,171
4193,78,164
4194,108,115
4195,203,193
4196,190,181
4197,181,167
4198,206,192
4199,180,188
4200,168,166
4201,162,177
4202,138,155
4203,127,149
4204,82,73
4205,188,193
4206,175,188
4207,133,152
4208,154,166
4209,174,188
4210,125,120
4211,161,169
4212,197,192
4213,187,180
4214,165,155
4215,170,169
4216,176,178
4217,158,177
4218,126,139
4219,174,189
4220,185,197
4221,183,196
4222,182,197
4223,182,198
4224,179,196
4225,178,196
4226,180,197
4227,183,197
4228,183,198
4229,178,195
4230,181,196
4231,181,197
4232,182,197
4233,179,195
4234,180,197
4235,179,195
4236,185,198
4237,187,199
4238,187,198
4239,186,198
4240,187,198
4241,186,196
4242,186,196
4243,188,199
4244,184,196
4245,186,198
4246,185,197
4247,137,136
4248,85,76
4249,175,168
4250,177,160
4251,118,128
4252,122,127
4253,116,117
4254,226,197
4255,214,188
4256,191,168
4257,164,161
4258,74,84
4259,69,85
4260,116,130
4261,145,183
4262,117,167
4263,126,177
4264,169,185
4265,170,185
4266,182,183
4267,158,153
4268,178,183
4269,182,191
4270,134,143
4271,177,178
4272,148,150
4273,69,74
4274,111,116
4275,192,188
4276,154,148
4277,152,148
4278,181,179
4279,48,48
4280,186,191
4281,175,197
4282,162,177
4283,167,188
4284,163,164
4285,183,187
4286,161,165
4287,184,187
4288,182,189
4289,178,186
4290,162,177
4291,165,180
4292,134,152
4293,158,175
4294,152,170
4295,183,186
4296,173,175
4297,168,159
4298,168,168
4299,162,157
4300,161,167
4301,170,171
4302,188,181
4303,42,43
4304,187,177
4305,199,189
4306,207,197
4307,163,157
4308,129,123
4309,196,191
4310,161,154
4311,192,193
4312,122,135
4313,183,188
4314,159,171
4315,104,141
4316,120,165
4317,95,140
4318,97,143
4319,95,143
4320,103,146
4321,110,148
4322,201,174
4323,197,189
4324,161,168
4325,164,164
4326,147,154
4327,180,185
4328,97,99
4329,173,182
4330,177,182
4331,191,189
4332,139,118
4333,113,115
4334,190,192
4335,201,188
4336,161,161
4337,180,189
4338,158,142
4339,88,78
4340,148,161
4341,170,180
4342,105,136
4343,195,168
4344,210,192
4345,194,175
4346,196,184
4347,189,177
4348,169,166
4349,111,121
4350,150,154
4351,161,168
4352,133,148
4353,167,168
4354,191,193
4355,189,192
4356,207,185
4357,213,195
4358,87,89
4359,189,184
4360,207,180
4361,210,178
4362,204,169
4363,206,168
4364,208,170
4365,202,167
4366,204,167
4367,204,167
4368,203,167
4369,190,180
4370,193,190
4371,178,187
4372,177,184
4373,161,165
4374,178,167
4375,185,189
4376,198,197
4377,188,192
4378,122,125
4379,53,50
4380,94,103
4381,150,165
4382,159,178
4383,61,59
4384,161,165
4385,132,143
4386,154,137
4387,132,145
4388,167,169
4389,172,175
4390,29,29
4391,149,156
4392,143,178
4393,170,192
4394,185,166
4395,198,166
4396,61,111
4397,71,104
4398,133,119
4399,183,171
4400,188,176
4401,189,172
4402,113,100
4403,149,156
4404,143,178
4405,170,192
4406,192,176
4407,66,136
4408,81,130
4409,79,74
4410,46,43
4411,113,129
4412,179,187
4413,61,59
4414,143,167
4415,141,169
4416,115,152
4417,128,158
4418,117,135
4419,183,168
4420,201,191
4421,164,162
4422,188,190
4423,160,177
4424,180,174
4425,189,195
4426,48,110
4427,81,104
4428,114,156
4429,95,162
4430,87,155
4431,61,59
4432,182,185
4433,151,162
4434,156,165
4435,17,17
4436,16,82
4437,29,78
4438,119,124
4439,19,79
4440,87,122
4441,81,114
4442,77,110
4443,148,157
4444,174,171
4445,173,143
4446,204,181
4447,22,21
4448,164,170
4449,168,171
4450,106,113
4451,168,175
4452,158,158
4453,203,193
4454,204,193
4455,204,191
4456,199,179
4457,114,112
4458,197,196
4459,106,108
4460,74,69
4461,70,108
4462,61,59
4463,177,174
4464,17,86
4465,21,87
4466,69,159
4467,104,139
4468,61,59
4469,193,180
4470,186,180
4471,153,161
4472,191,192
4473,173,170
4474,170,167
4475,81,80
4476,54,42
4477,73,135
4478,90,129
4479,61,59
4480,189,182
4481,134,139
4482,192,187
4483,149,138
4484,18,100
4485,0,0
4486,76,178
4487,87,166
4488,56,180
4489,62,178
4490,77,171
4491,65,59
4492,111,112
4493,180,173
4494,180,167
4495,190,179
4496,126,129
4497,177,181
4498,172,180
4499,114,122
4500,174,175
4501,162,167
4502,186,189
4503,168,173
4504,126,135
4505,186,179
4506,190,179
4507,145,142
4508,192,191
4509,191,192
4510,6,6
4511,154,154
4512,129,123
4513,140,145
4514,209,191
4515,162,150
4516,175,167
4517,35,119
4518,46,113
4519,63,172
4520,51,178
4521,40,187
4522,53,182
4523,72,176
4524,94,168
4525,82,173
4526,83,171
4527,78,172
4528,61,59
4529,201,188
4530,197,185
4531,174,175
4532,160,153
4533,189,182
4534,172,176
4535,120,120
4536,94,103
4537,180,193
4538,173,173
4539,187,187
4540,123,134
4541,77,149
4542,201,185
4543,203,191
4544,157,187
4545,154,177
4546,64,65
4547,116,148
4548,144,157
4549,33,67
4550,15,131
4551,34,118
4552,51,110
4553,53,109
4554,16,129
4555,32,123
4556,128,114
4557,30,169
4558,0,0
4559,88,142
4560,97,143
4561,62,155
4562,44,165
4563,134,128
4564,125,129
4565,146,145
4566,128,129
4567,78,97
4568,142,161
4569,125,118
4570,119,127
4571,88,93
4572,147,153
4573,116,100
4574,64,71
4575,20,94
4576,49,185
4577,32,97
4578,67,57
4579,181,152
4580,157,148
4581,103,92
4582,172,182
4583,183,192
4584,122,133
4585,204,195
4586,172,170
4587,96,81
4588,150,158
4589,120,104
4590,191,194
4591,28,62
4592,21,71
4593,51,134
4594,64,123
4595,59,126
4596,52,133
4597,69,122
4598,64,125
4599,41,138
4600,44,136
4601,53,134
4602,52,135
4603,46,137
4604,47,135
4605,47,135
4606,49,137
4607,48,137
4608,55,132
4609,59,130
4610,52,132
4611,54,132
4612,54,141
4613,46,152
4614,47,151
4615,52,148
4616,51,149
4617,55,149
4618,60,146
4619,70,128
4620,71,128
4621,66,145
4622,62,148
4623,52,151
4624,45,153
4625,53,150
4626,59,147
4627,60,146
4628,64,145
4629,64,142
4630,65,143
4631,58,148
4632,55,147
4633,75,135
4634,91,126
4635,82,129
4636,76,130
4637,73,134
4638,67,138
4639,161,173
4640,187,190
4641,212,192
4642,219,185
4643,177,161
4644,212,194
4645,188,185
4646,150,133
4647,222,190
4648,218,187
4649,208,183
4650,167,169
4651,132,122
4652,78,70
4653,25,67
4654,54,51
4655,119,177
4656,100,187
4657,101,179
4658,100,179
4659,93,181
4660,177,151
4661,48,44
4662,218,193
4663,84,66
4664,159,164
4665,161,174
4666,169,189
4667,106,85
4668,6,13
4669,6,12
4670,2,3
4671,2,3
4672,2,3
4673,2,3
4674,2,3
4675,2,3
4676,2,3
4677,3,2
4678,0,0
4679,0,0
4680,0,0
4681,0,0
4682,0,0
4683,0,0
4684,0,0
4685,0,0
4686,0,0
4687,0,0
4688,0,0
4689,0,0
4690,0,0
4691,0,0
4692,0,0
4693,0,0
4694,0,0
4695,0,0
4696,0,0
4697,0,0
4698,0,0
4699,0,0
4700,0,0
4701,0,0
4702,0,0
4703,0,0
4704,0,0
4705,0,0
4706,0,0
4707,0,0
4708,0,0
4709,0,0
4710,0,0
4711,0,0
4712,0,0
4713,0,0
4714,0,0
4715,0,0
4716,0,0
4717,0,0
4718,0,0
4719,0,0
4720,0,0
4721,0,0
4722,0,0
4723,0,0
4724,0,0
4725,0,0
4726,0,0
4727,0,0
4728,0,0
4729,0,0
4730,0,0
4731,0,0
4732,113,161
4733,145,125
4734,74,166
4735,13,20
4736,13,19
4737,10,10
4738,10,10
4739,10,10
4740,10,10
4741,10,10
4742,10,10
4743,10,10
4744,9,9
4745,5,5
4746,3,2
4747,0,0
4748,122,99
4749,178,163
4750,213,192
4751,188,177
4752,162,154
4753,152,154
4754,130,135
4755,188,186
4756,151,156
4757,152,138
4758,203,185
4759,203,190
4760,182,171
4761,178,171
4762,177,170
4763,188,176
4764,176,159
4765,191,177
4766,179,171
4767,188,187
4768,89,143
4769,180,165
4770,129,136
4771,156,151
4772,85,98
4773,150,155
4774,103,117
4775,9,158
4776,0,0
4777,123,131
4778,43,146
4779,17,158
4780,26,151
4781,158,133
4782,9,144
4783,0,0
4784,46,131
4785,14,116
4786,20,111
4787,63,117
4788,20,111
4789,197,181
4790,155,154
4791,139,123
4792,138,131
4793,103,101
4794,150,155
4795,57,48
4796,11,6
4797,189,190
4798,191,171
4799,153,162
4800,157,167
4801,167,153
4802,201,182
4803,142,134
4804,32,27
4805,199,193
4806,200,194
4807,182,175
4808,196,189
4809,197,184
4810,185,173
4811,189,182
4812,188,178
4813,181,166
4814,55,51
4815,9,84
4816,45,76
4817,113,143
4818,109,142
4819,182,182
4820,190,190
4821,98,98
4822,171,163
4823,197,192
4824,198,194
4825,164,162
4826,206,187
4827,216,197
4828,188,172
4829,200,188
4830,186,182
4831,194,189
4832,175,189
4833,164,174
4834,151,169
4835,222,195
4836,213,190
4837,195,191
4838,186,186
4839,187,190
4840,141,145
4841,184,173
4842,193,190
4843,194,188
4844,121,119
4845,160,151
4846,153,153
4847,202,196
4848,177,177
4849,204,184
4850,215,194
4851,204,187
4852,19,109
4853,0,0
4854,52,91
4855,48,92
4856,128,177
4857,126,178
4858,56,93
4859,126,179
4860,130,177
4861,122,177
4862,118,176
4863,60,90
4864,56,90
4865,190,181
4866,134,144
4867,109,94
4868,207,192
4869,166,158
4870,157,170
4871,155,172
4872,155,181
4873,173,192
4874,179,196
4875,185,196
4876,161,179
4877,90,74
4878,177,151
4879,91,99
4880,153,136
4881,167,159
4882,209,189
4883,201,187
4884,220,193
4885,212,194
4886,182,155
4887,211,193
4888,189,175
4889,178,174
4890,155,152
4891,191,185
4892,179,172
4893,210,195
4894,212,195
4895,187,173
4896,177,175
4897,151,146
4898,151,164
4899,183,174
4900,195,184
4901,203,193
4902,97,113
4903,83,90
4904,41,41
4905,28,170
4906,37,163
4907,147,179
4908,158,189
4909,113,104
4910,170,160
4911,165,155
4912,196,199
4913,138,152
4914,178,189
4915,194,191
4916,195,191
4917,193,190
4918,132,127
4919,21,20
4920,167,157
4921,195,171
4922,173,177
4923,143,144
4924,209,193
4925,147,133
4926,182,189
4927,140,154
4928,194,177
4929,174,167
4930,209,197
4931,167,159
4932,142,170
4933,128,137
4934,154,149
4935,102,90
4936,181,178
4937,203,191
4938,193,189
4939,207,192
4940,197,186
4941,209,192
4942,216,190
4943,204,184
4944,72,76
4945,157,186
4946,163,189
4947,164,189
4948,110,116
4949,110,119
4950,183,196
4951,138,143
4952,135,139
4953,176,172
4954,115,109
4955,146,145
4956,128,129
4957,179,182
4958,168,169
4959,183,190
4960,174,176
4961,170,175
4962,87,96
4963,50,45
4964,8,102
4965,74,82
4966,162,181
4967,59,57
4968,170,178
4969,134,141
4970,142,142
4971,179,174
4972,175,171
4973,140,149
4974,188,196
4975,89,112
4976,144,159
4977,62,67
4978,191,182
4979,98,105
4980,123,129
4981,166,174
4982,173,169
4983,178,176
4984,182,177
4985,144,145
4986,138,139
4987,135,137
4988,134,137
4989,132,135
4990,131,137
4991,131,132
4992,132,128
4993,186,172
4994,161,171
4995,142,157
4996,159,156
4997,137,163
4998,123,165
4999,139,159
5000,115,172
5001,116,171
5002,126,162
5003,101,172
5004,112,170
5005,99,178
5006,92,181
5007,124,168
5008,116,170
5009,99,182
5010,130,171
5011,145,159
5012,112,171
5013,134,165
5014,189,194
5015,196,195
5016,196,195
5017,198,189
5018,124,124
5019,184,181
5020,166,163
5021,182,178
5022,153,165
5023,160,175
5024,195,191
5025,147,145
5026,186,190
5027,198,198
5028,21,19
5029,191,185
5030,37,41
5031,130,157
5032,164,173
5033,155,179
5034,140,170
5035,156,186
5036,147,158
5037,146,149
5038,92,82
5039,212,175
5040,62,73
5041,187,170
5042,202,188
5043,158,162
5044,65,67
5045,73,126
5046,92,119
5047,78,93
5048,189,172
5049,203,188
5050,195,186
5051,155,160
5052,171,183
5053,156,151
5054,176,186
5055,163,177
5056,165,173
5057,158,165
5058,171,193
5059,62,66
5060,59,60
5061,133,182
5062,78,144
5063,81,144
5064,78,145
5065,74,145
5066,80,72
5067,49,45
5068,51,52
5069,25,159
5070,54,145
5071,62,143
5072,52,59
5073,43,43
5074,9,81
5075,53,56
5076,155,184
5077,99,127
5078,194,187
5079,185,170
5080,85,73
5081,65,109
5082,95,115
5083,126,180
5084,58,135
5085,70,133
5086,79,128
5087,131,122
5088,179,168
5089,200,189
5090,180,164
5091,197,189
5092,131,118
5093,61,57
5094,35,88
5095,55,170
5096,104,106
5097,159,170
5098,165,169
5099,186,191
5100,177,187
5101,216,199
5102,206,193
5103,179,165
5104,112,110
5105,158,150
5106,191,194
5107,161,175
5108,169,178
5109,173,182
5110,188,188
5111,189,190
5112,147,152
5113,178,181
5114,184,191
5115,170,171
5116,194,197
5117,191,190
5118,190,191
5119,189,191
5120,178,182
5121,180,186
5122,183,189
5123,175,184
5124,163,171
5125,178,182
5126,162,166
5127,159,164
5128,178,166
5129,205,194
5130,154,149
5131,55,52
5132,8,107
5133,0,0
5134,52,93
5135,103,185
5136,95,185
5137,75,186
5138,53,49
5139,182,164
5140,203,192
5141,158,143
5142,203,182
5143,171,173
5144,161,174
5145,136,174
5146,160,194
5147,178,187
5148,185,187
5149,173,174
5150,97,99
5151,60,59
5152,187,186
5153,133,147
5154,107,111
5155,108,109
5156,115,109
5157,182,176
5158,141,128
5159,128,133
5160,93,114
5161,92,148
5162,121,117
5163,92,134
5164,77,124
5165,107,110
5166,165,157
5167,174,184
5168,108,130
5169,188,176
5170,198,188
5171,201,189
5172,198,186
5173,189,185
5174,181,183
5175,197,193
5176,188,191
5177,189,193
5178,198,196
5179,195,191
5180,168,169
5181,169,175
5182,98,101
5183,157,173
5184,141,175
5185,122,125
5186,154,185
5187,144,150
5188,24,21
5189,152,146
5190,182,182
5191,179,170
5192,73,80
5193,168,169
5194,180,193
5195,178,192
5196,129,138
5197,22,23
5198,190,193
5199,185,191
5200,177,172
5201,142,162
5202,158,182
5203,130,172
5204,126,166
5205,123,161
5206,174,177
5207,136,144
5208,219,189
5209,208,181
5210,204,175
5211,109,96
5212,186,175
5213,183,180
5214,192,187
5215,161,162
5216,196,199
5217,160,165
5218,144,144
5219,135,146
5220,127,135
5221,175,172
5222,157,150
5223,177,168
5224,201,189
5225,171,173
5226,158,179
5227,148,170
5228,146,172
5229,199,198
5230,187,187
5231,122,120
5232,170,180
5233,163,173
5234,165,177
5235,95,170
5236,51,97
5237,187,192
5238,186,184
5239,195,185
5240,195,175
5241,194,177
5242,192,187
5243,188,193
5244,188,193
5245,194,191
5246,165,163
5247,179,182
5248,151,148
5249,133,126
5250,18,181
5251,0,0
5252,88,151
5253,108,134
5254,106,140
5255,126,115
5256,201,190
5257,180,172
5258,170,166
